"initial_alias","converted_alias","name","description","namespace"
"ENSMUSG00000045087","ENSMUSG00000045087","S1pr5","sphingosine-1-phosphate receptor 5 [Source:MGI Symbol;Acc:MGI:2150641]","ARRAYEXPRESS,ENSG"
"ENSMUSG00000035042","ENSMUSG00000035042","Ccl5","chemokine (C-C motif) ligand 5 [Source:MGI Symbol;Acc:MGI:98262]","ARRAYEXPRESS,ENSG"
"ENSMUSG00000079071","ENSMUSG00000079071","Slc28a2b","solute carrier family 28 member 2b [Source:MGI Symbol;Acc:MGI:3702173]","ARRAYEXPRESS,ENSG"
"ENSMUSG00000019982","ENSMUSG00000019982","Myb","myeloblastosis oncogene [Source:MGI Symbol;Acc:MGI:97249]","ARRAYEXPRESS,ENSG"
"ENSMUSG00000015133","ENSMUSG00000015133","Lrrk1","leucine-rich repeat kinase 1 [Source:MGI Symbol;Acc:MGI:2142227]","ARRAYEXPRESS,ENSG"
"ENSMUSG00000001025","ENSMUSG00000001025","S100a6","S100 calcium binding protein A6 (calcyclin) [Source:MGI Symbol;Acc:MGI:1339467]","ARRAYEXPRESS,ENSG"
"ENSMUSG00000026576","ENSMUSG00000026576","Atp1b1","ATPase, Na+/K+ transporting, beta 1 polypeptide [Source:MGI Symbol;Acc:MGI:88108]","ARRAYEXPRESS,ENSG"
"ENSMUSG00000020593","ENSMUSG00000020593","Lpin1","lipin 1 [Source:MGI Symbol;Acc:MGI:1891340]","ARRAYEXPRESS,ENSG"
"ENSMUSG00000034349","ENSMUSG00000034349","Smc4","structural maintenance of chromosomes 4 [Source:MGI Symbol;Acc:MGI:1917349]","ARRAYEXPRESS,ENSG"
"ENSMUSG00000048376","ENSMUSG00000048376","F2r","coagulation factor II (thrombin) receptor [Source:MGI Symbol;Acc:MGI:101802]","ARRAYEXPRESS,ENSG"
"ENSMUSG00000026656","ENSMUSG00000026656","Fcgr2b","Fc receptor, IgG, low affinity IIb [Source:MGI Symbol;Acc:MGI:95499]","ARRAYEXPRESS,ENSG"
"ENSMUSG00000030167","ENSMUSG00000030167","Klrc1","killer cell lectin-like receptor subfamily C, member 1 [Source:MGI Symbol;Acc:MGI:1336161]","ARRAYEXPRESS,ENSG"
"ENSMUSG00000025314","ENSMUSG00000025314","Ptprj","protein tyrosine phosphatase, receptor type, J [Source:MGI Symbol;Acc:MGI:104574]","ARRAYEXPRESS,ENSG"
"ENSMUSG00000040724","ENSMUSG00000040724","Kcna2","potassium voltage-gated channel, shaker-related subfamily, member 2 [Source:MGI Symbol;Acc:MGI:96659]","ARRAYEXPRESS,ENSG"
"ENSMUSG00000020644","ENSMUSG00000020644","Id2","inhibitor of DNA binding 2 [Source:MGI Symbol;Acc:MGI:96397]","ARRAYEXPRESS,ENSG"
"ENSMUSG00000069833","ENSMUSG00000069833","Ahnak","AHNAK nucleoprotein (desmoyokin) [Source:MGI Symbol;Acc:MGI:1316648]","ARRAYEXPRESS,ENSG"
"ENSMUSG00000104291","ENSMUSG00000104291","A130071D04Rik","RIKEN cDNA A130071D04 gene [Source:MGI Symbol;Acc:MGI:2444749]","ARRAYEXPRESS,ENSG"
"ENSMUSG00000049103","ENSMUSG00000049103","Ccr2","chemokine (C-C motif) receptor 2 [Source:MGI Symbol;Acc:MGI:106185]","ARRAYEXPRESS,ENSG"
"ENSMUSG00000003420","ENSMUSG00000003420","Fcgrt","Fc fragment of IgG receptor and transporter [Source:MGI Symbol;Acc:MGI:103017]","ARRAYEXPRESS,ENSG"
"ENSMUSG00000092341","ENSMUSG00000092341","Malat1","metastasis associated lung adenocarcinoma transcript 1 (non-coding RNA) [Source:MGI Symbol;Acc:MGI:1919539]","ARRAYEXPRESS,ENSG"
"ENSMUSG00000035901","ENSMUSG00000035901","Dennd5a","DENN/MADD domain containing 5A [Source:MGI Symbol;Acc:MGI:1201681]","ARRAYEXPRESS,ENSG"
"ENSMUSG00000030247","ENSMUSG00000030247","Kcnj8","potassium inwardly-rectifying channel, subfamily J, member 8 [Source:MGI Symbol;Acc:MGI:1100508]","ARRAYEXPRESS,ENSG"
"ENSMUSG00000054206","ENSMUSG00000054206","Gzmm","granzyme M (lymphocyte met-ase 1) [Source:MGI Symbol;Acc:MGI:99549]","ARRAYEXPRESS,ENSG"
"ENSMUSG00000032204","ENSMUSG00000032204","Aqp9","aquaporin 9 [Source:MGI Symbol;Acc:MGI:1891066]","ARRAYEXPRESS,ENSG"
"ENSMUSG00000031652","ENSMUSG00000031652","N4bp1","NEDD4 binding protein 1 [Source:MGI Symbol;Acc:MGI:2136825]","ARRAYEXPRESS,ENSG"
"ENSMUSG00000015314","ENSMUSG00000015314","Slamf6","SLAM family member 6 [Source:MGI Symbol;Acc:MGI:1353620]","ARRAYEXPRESS,ENSG"
"ENSMUSG00000026728","ENSMUSG00000026728","Vim","vimentin [Source:MGI Symbol;Acc:MGI:98932]","ARRAYEXPRESS,ENSG"
"ENSMUSG00000038393","ENSMUSG00000038393","Txnip","thioredoxin interacting protein [Source:MGI Symbol;Acc:MGI:1889549]","ARRAYEXPRESS,ENSG"
"ENSMUSG00000030789","ENSMUSG00000030789","Itgax","integrin alpha X [Source:MGI Symbol;Acc:MGI:96609]","ARRAYEXPRESS,ENSG"
"ENSMUSG00000042082","ENSMUSG00000042082","Arsb","arylsulfatase B [Source:MGI Symbol;Acc:MGI:88075]","ARRAYEXPRESS,ENSG"
"ENSMUSG00000026989","ENSMUSG00000026989","Dapl1","death associated protein-like 1 [Source:MGI Symbol;Acc:MGI:1923997]","ARRAYEXPRESS,ENSG"
"ENSMUSG00000027778","ENSMUSG00000027778","Ift80","intraflagellar transport 80 [Source:MGI Symbol;Acc:MGI:1915509]","ARRAYEXPRESS,ENSG"
"ENSMUSG00000000817","ENSMUSG00000000817","Fasl","Fas ligand (TNF superfamily, member 6) [Source:MGI Symbol;Acc:MGI:99255]","ARRAYEXPRESS,ENSG"
"ENSMUSG00000104235","ENSMUSG00000104235","Gm37589","predicted gene, 37589 [Source:MGI Symbol;Acc:MGI:5610817]","ARRAYEXPRESS,ENSG"
"ENSMUSG00000044447","ENSMUSG00000044447","Dock5","dedicator of cytokinesis 5 [Source:MGI Symbol;Acc:MGI:2652871]","ARRAYEXPRESS,ENSG"
"ENSMUSG00000021756","ENSMUSG00000021756","Il6st","interleukin 6 signal transducer [Source:MGI Symbol;Acc:MGI:96560]","ARRAYEXPRESS,ENSG"
"ENSMUSG00000007872","ENSMUSG00000007872","Id3","inhibitor of DNA binding 3 [Source:MGI Symbol;Acc:MGI:96398]","ARRAYEXPRESS,ENSG"
"ENSMUSG00000101609","ENSMUSG00000101609","Kcnq1ot1","KCNQ1 overlapping transcript 1 [Source:MGI Symbol;Acc:MGI:1926855]","ARRAYEXPRESS,ENSG"
"ENSMUSG00000068220","ENSMUSG00000068220","Lgals1","lectin, galactose binding, soluble 1 [Source:MGI Symbol;Acc:MGI:96777]","ARRAYEXPRESS,ENSG"
"ENSMUSG00000097295","ENSMUSG00000097295","Hmgb1-ps8","high mobility group box 1, pseudogene 8 [Source:MGI Symbol;Acc:MGI:96114]","ARRAYEXPRESS,ENSG"
"ENSMUSG00000076258","None","None","None",""
"ENSMUSG00000068227","ENSMUSG00000068227","Il2rb","interleukin 2 receptor, beta chain [Source:MGI Symbol;Acc:MGI:96550]","ARRAYEXPRESS,ENSG"
"ENSMUSG00000034165","ENSMUSG00000034165","Ccnd3","cyclin D3 [Source:MGI Symbol;Acc:MGI:88315]","ARRAYEXPRESS,ENSG"
"ENSMUSG00000073491","ENSMUSG00000073491","Ifi213","interferon activated gene 213 [Source:MGI Symbol;Acc:MGI:3695276]","ARRAYEXPRESS,ENSG"
"ENSMUSG00000037202","ENSMUSG00000037202","Prf1","perforin 1 (pore forming protein) [Source:MGI Symbol;Acc:MGI:97551]","ARRAYEXPRESS,ENSG"
"ENSMUSG00000025017","ENSMUSG00000025017","Pik3ap1","phosphoinositide-3-kinase adaptor protein 1 [Source:MGI Symbol;Acc:MGI:1933177]","ARRAYEXPRESS,ENSG"
"ENSMUSG00000111212","ENSMUSG00000111212","5330432J10Rik","RIKEN cDNA 5330432J10 gene [Source:MGI Symbol;Acc:MGI:2443489]","ARRAYEXPRESS,ENSG"
"ENSMUSG00000057219","ENSMUSG00000057219","Armc7","armadillo repeat containing 7 [Source:MGI Symbol;Acc:MGI:2679719]","ARRAYEXPRESS,ENSG"
"ENSMUSG00000030577","ENSMUSG00000030577","Cd22","CD22 antigen [Source:MGI Symbol;Acc:MGI:88322]","ARRAYEXPRESS,ENSG"
"ENSMUSG00000000303","ENSMUSG00000000303","Cdh1","cadherin 1 [Source:MGI Symbol;Acc:MGI:88354]","ARRAYEXPRESS,ENSG"
"ENSMUSG00000015143","ENSMUSG00000015143","Actn1","actinin, alpha 1 [Source:MGI Symbol;Acc:MGI:2137706]","ARRAYEXPRESS,ENSG"
"ENSMUSG00000097838","None","None","None",""
"ENSMUSG00000115681","ENSMUSG00000115681","Gm2682","predicted gene 2682 [Source:MGI Symbol;Acc:MGI:3780851]","ARRAYEXPRESS,ENSG"
"ENSMUSG00000095115","ENSMUSG00000095115","Itpripl2","inositol 1,4,5-triphosphate receptor interacting protein-like 2 [Source:MGI Symbol;Acc:MGI:2442416]","ARRAYEXPRESS,ENSG"
"ENSMUSG00000041481","ENSMUSG00000041481","Serpina3g","serine (or cysteine) peptidase inhibitor, clade A, member 3G [Source:MGI Symbol;Acc:MGI:105046]","ARRAYEXPRESS,ENSG"
"ENSMUSG00000022587","ENSMUSG00000022587","Ly6e","lymphocyte antigen 6 complex, locus E [Source:MGI Symbol;Acc:MGI:106651]","ARRAYEXPRESS,ENSG"
"ENSMUSG00000023243","ENSMUSG00000023243","Kcnk5","potassium channel, subfamily K, member 5 [Source:MGI Symbol;Acc:MGI:1336175]","ARRAYEXPRESS,ENSG"
"ENSMUSG00000048120","ENSMUSG00000048120","Entpd1","ectonucleoside triphosphate diphosphohydrolase 1 [Source:MGI Symbol;Acc:MGI:102805]","ARRAYEXPRESS,ENSG"
"ENSMUSG00000076613","ENSMUSG00000076613","Ighg2b","immunoglobulin heavy constant gamma 2B [Source:MGI Symbol;Acc:MGI:96445]","ARRAYEXPRESS,ENSG"
"ENSMUSG00000102189","ENSMUSG00000102189","Gm37194","predicted gene, 37194 [Source:MGI Symbol;Acc:MGI:5610422]","ARRAYEXPRESS,ENSG"
"ENSMUSG00000031431","ENSMUSG00000031431","Tsc22d3","TSC22 domain family, member 3 [Source:MGI Symbol;Acc:MGI:1196284]","ARRAYEXPRESS,ENSG"
"ENSMUSG00000111264","ENSMUSG00000111264","E030022I16Rik","RIKEN cDNA E030022I16 gene [Source:MGI Symbol;Acc:MGI:2444690]","ARRAYEXPRESS,ENSG"
"ENSMUSG00000024659","ENSMUSG00000024659","Anxa1","annexin A1 [Source:MGI Symbol;Acc:MGI:96819]","ARRAYEXPRESS,ENSG"
"ENSMUSG00000022912","ENSMUSG00000022912","Pros1","protein S (alpha) [Source:MGI Symbol;Acc:MGI:1095733]","ARRAYEXPRESS,ENSG"
"ENSMUSG00000025357","ENSMUSG00000025357","Dgka","diacylglycerol kinase, alpha [Source:MGI Symbol;Acc:MGI:102952]","ARRAYEXPRESS,ENSG"
"ENSMUSG00000023830","ENSMUSG00000023830","Igf2r","insulin-like growth factor 2 receptor [Source:MGI Symbol;Acc:MGI:96435]","ARRAYEXPRESS,ENSG"
"ENSMUSG00000030688","ENSMUSG00000030688","Stard10","START domain containing 10 [Source:MGI Symbol;Acc:MGI:1860093]","ARRAYEXPRESS,ENSG"
"ENSMUSG00000004263","ENSMUSG00000004263","Atn1","atrophin 1 [Source:MGI Symbol;Acc:MGI:104725]","ARRAYEXPRESS,ENSG"
"ENSMUSG00000025809","ENSMUSG00000025809","Itgb1","integrin beta 1 (fibronectin receptor beta) [Source:MGI Symbol;Acc:MGI:96610]","ARRAYEXPRESS,ENSG"
"ENSMUSG00000034612","ENSMUSG00000034612","Chst11","carbohydrate sulfotransferase 11 [Source:MGI Symbol;Acc:MGI:1927166]","ARRAYEXPRESS,ENSG"
"ENSMUSG00000103216","ENSMUSG00000103216","Gm37248","predicted gene, 37248 [Source:MGI Symbol;Acc:MGI:5610476]","ARRAYEXPRESS,ENSG"
"ENSMUSG00000026764","ENSMUSG00000026764","Kif5c","kinesin family member 5C [Source:MGI Symbol;Acc:MGI:1098269]","ARRAYEXPRESS,ENSG"
"ENSMUSG00000020601","ENSMUSG00000020601","Trib2","tribbles pseudokinase 2 [Source:MGI Symbol;Acc:MGI:2145021]","ARRAYEXPRESS,ENSG"
"ENSMUSG00000040659","ENSMUSG00000040659","Efhd2","EF hand domain containing 2 [Source:MGI Symbol;Acc:MGI:106504]","ARRAYEXPRESS,ENSG"
"ENSMUSG00000032640","ENSMUSG00000032640","Chsy1","chondroitin sulfate synthase 1 [Source:MGI Symbol;Acc:MGI:2681120]","ARRAYEXPRESS,ENSG"
"ENSMUSG00000026833","ENSMUSG00000026833","Olfm1","olfactomedin 1 [Source:MGI Symbol;Acc:MGI:1860437]","ARRAYEXPRESS,ENSG"
"ENSMUSG00000044072","ENSMUSG00000044072","Eml6","echinoderm microtubule associated protein like 6 [Source:MGI Symbol;Acc:MGI:2442895]","ARRAYEXPRESS,ENSG"
"ENSMUSG00000097705","ENSMUSG00000097705","Gm26740","predicted gene, 26740 [Source:MGI Symbol;Acc:MGI:5477234]","ARRAYEXPRESS,ENSG"
"ENSMUSG00000001444","ENSMUSG00000001444","Tbx21","T-box 21 [Source:MGI Symbol;Acc:MGI:1888984]","ARRAYEXPRESS,ENSG"
"ENSMUSG00000081219","ENSMUSG00000081219","Bambi-ps1","BMP and activin membrane-bound inhibitor, pseudogene (Xenopus laevis) [Source:MGI Symbol;Acc:MGI:1932402]","ARRAYEXPRESS,ENSG"
"ENSMUSG00000069911","ENSMUSG00000069911","Insyn2b","inhibitory synaptic factor family member 2B [Source:MGI Symbol;Acc:MGI:3643491]","ARRAYEXPRESS,ENSG"
"ENSMUSG00000076922","ENSMUSG00000076922","Traj6","T cell receptor alpha joining 6 [Source:MGI Symbol;Acc:MGI:4439844]","ARRAYEXPRESS,ENSG"
"ENSMUSG00000026509","ENSMUSG00000026509","Capn2","calpain 2 [Source:MGI Symbol;Acc:MGI:88264]","ARRAYEXPRESS,ENSG"
"ENSMUSG00000103253","ENSMUSG00000103253","Gm37520","predicted gene, 37520 [Source:MGI Symbol;Acc:MGI:5610748]","ARRAYEXPRESS,ENSG"
"ENSMUSG00000057329","ENSMUSG00000057329","Bcl2","B cell leukemia/lymphoma 2 [Source:MGI Symbol;Acc:MGI:88138]","ARRAYEXPRESS,ENSG"
"ENSMUSG00000043753","ENSMUSG00000043753","Dmrta1","doublesex and mab-3 related transcription factor like family A1 [Source:MGI Symbol;Acc:MGI:2653627]","ARRAYEXPRESS,ENSG"
"ENSMUSG00000032402","ENSMUSG00000032402","Smad3","SMAD family member 3 [Source:MGI Symbol;Acc:MGI:1201674]","ARRAYEXPRESS,ENSG"
"ENSMUSG00000027639","ENSMUSG00000027639","Samhd1","SAM domain and HD domain, 1 [Source:MGI Symbol;Acc:MGI:1927468]","ARRAYEXPRESS,ENSG"
"ENSMUSG00000018341","ENSMUSG00000018341","Il12rb2","interleukin 12 receptor, beta 2 [Source:MGI Symbol;Acc:MGI:1270861]","ARRAYEXPRESS,ENSG"
"ENSMUSG00000030283","ENSMUSG00000030283","St8sia1","ST8 alpha-N-acetyl-neuraminide alpha-2,8-sialyltransferase 1 [Source:MGI Symbol;Acc:MGI:106011]","ARRAYEXPRESS,ENSG"
"ENSMUSG00000038352","ENSMUSG00000038352","Arl5c","ADP-ribosylation factor-like 5C [Source:MGI Symbol;Acc:MGI:3028577]","ARRAYEXPRESS,ENSG"
"ENSMUSG00000102642","ENSMUSG00000102642","A130048G24Rik","RIKEN cDNA A130048G24 gene [Source:MGI Symbol;Acc:MGI:2443520]","ARRAYEXPRESS,ENSG"
"ENSMUSG00000067235","ENSMUSG00000067235","H2-Q10","histocompatibility 2, Q region locus 10 [Source:MGI Symbol;Acc:MGI:95929]","ARRAYEXPRESS,ENSG"
"ENSMUSG00000044177","ENSMUSG00000044177","Wfikkn2","WAP, follistatin/kazal, immunoglobulin, kunitz and netrin domain containing 2 [Source:MGI Symbol;Acc:MGI:2669209]","ARRAYEXPRESS,ENSG"
"ENSMUSG00000069516","ENSMUSG00000069516","Lyz2","lysozyme 2 [Source:MGI Symbol;Acc:MGI:96897]","ARRAYEXPRESS,ENSG"
"ENSMUSG00000003559","ENSMUSG00000003559","As3mt","arsenite methyltransferase [Source:MGI Symbol;Acc:MGI:1929882]","ARRAYEXPRESS,ENSG"
"ENSMUSG00000024014","ENSMUSG00000024014","Pim1","proviral integration site 1 [Source:MGI Symbol;Acc:MGI:97584]","ARRAYEXPRESS,ENSG"
"ENSMUSG00000030930","ENSMUSG00000030930","Chst15","carbohydrate sulfotransferase 15 [Source:MGI Symbol;Acc:MGI:1924840]","ARRAYEXPRESS,ENSG"
"ENSMUSG00000103094","ENSMUSG00000103094","Gm37558","predicted gene, 37558 [Source:MGI Symbol;Acc:MGI:5610786]","ARRAYEXPRESS,ENSG"
"ENSMUSG00000097636","ENSMUSG00000097636","Mirt1","myocardial infarction associated transcript 1 [Source:MGI Symbol;Acc:MGI:1922001]","ARRAYEXPRESS,ENSG"
"ENSMUSG00000038151","ENSMUSG00000038151","Prdm1","PR domain containing 1, with ZNF domain [Source:MGI Symbol;Acc:MGI:99655]","ARRAYEXPRESS,ENSG"
"ENSMUSG00000024548","ENSMUSG00000024548","Setbp1","SET binding protein 1 [Source:MGI Symbol;Acc:MGI:1933199]","ARRAYEXPRESS,ENSG"
"ENSMUSG00000050179","ENSMUSG00000050179","A930002I21Rik","RIKEN cDNA A930002I21 gene [Source:MGI Symbol;Acc:MGI:1924480]","ARRAYEXPRESS,ENSG"
"ENSMUSG00000028885","ENSMUSG00000028885","Smpdl3b","sphingomyelin phosphodiesterase, acid-like 3B [Source:MGI Symbol;Acc:MGI:1916022]","ARRAYEXPRESS,ENSG"
"ENSMUSG00000017707","ENSMUSG00000017707","Serinc3","serine incorporator 3 [Source:MGI Symbol;Acc:MGI:1349457]","ARRAYEXPRESS,ENSG"
"ENSMUSG00000047146","ENSMUSG00000047146","Tet1","tet methylcytosine dioxygenase 1 [Source:MGI Symbol;Acc:MGI:1098693]","ARRAYEXPRESS,ENSG"
"ENSMUSG00000097971","None","None","None",""
"ENSMUSG00000051934","ENSMUSG00000051934","Spats2","spermatogenesis associated, serine-rich 2 [Source:MGI Symbol;Acc:MGI:1919822]","ARRAYEXPRESS,ENSG"
"ENSMUSG00000046447","ENSMUSG00000046447","Camk2n1","calcium/calmodulin-dependent protein kinase II inhibitor 1 [Source:MGI Symbol;Acc:MGI:1913509]","ARRAYEXPRESS,ENSG"
"ENSMUSG00000097344","None","None","None",""
"ENSMUSG00000044393","ENSMUSG00000044393","Dsg2","desmoglein 2 [Source:MGI Symbol;Acc:MGI:1196466]","ARRAYEXPRESS,ENSG"
"ENSMUSG00000032446","ENSMUSG00000032446","Eomes","eomesodermin [Source:MGI Symbol;Acc:MGI:1201683]","ARRAYEXPRESS,ENSG"
"ENSMUSG00000042284","ENSMUSG00000042284","Itga1","integrin alpha 1 [Source:MGI Symbol;Acc:MGI:96599]","ARRAYEXPRESS,ENSG"
"ENSMUSG00000044258","ENSMUSG00000044258","Ctla2a","cytotoxic T lymphocyte-associated protein 2 alpha [Source:MGI Symbol;Acc:MGI:88554]","ARRAYEXPRESS,ENSG"
"ENSMUSG00000038976","ENSMUSG00000038976","Ppp1r9b","protein phosphatase 1, regulatory subunit 9B [Source:MGI Symbol;Acc:MGI:2387581]","ARRAYEXPRESS,ENSG"
"ENSMUSG00000109536","ENSMUSG00000109536","9330162G02Rik","RIKEN cDNA 9330162G02 gene [Source:MGI Symbol;Acc:MGI:2442217]","ARRAYEXPRESS,ENSG"
"ENSMUSG00000007564","ENSMUSG00000007564","Ppp2r1a","protein phosphatase 2, regulatory subunit A, alpha [Source:MGI Symbol;Acc:MGI:1926334]","ARRAYEXPRESS,ENSG"
"ENSMUSG00000021843","ENSMUSG00000021843","Ktn1","kinectin 1 [Source:MGI Symbol;Acc:MGI:109153]","ARRAYEXPRESS,ENSG"
"ENSMUSG00000101970","ENSMUSG00000101970","Chaserr","CHD2 adjacent suppressive regulatory RNA [Source:MGI Symbol;Acc:MGI:1916420]","ARRAYEXPRESS,ENSG"
"ENSMUSG00000047777","ENSMUSG00000047777","Phf13","PHD finger protein 13 [Source:MGI Symbol;Acc:MGI:2446217]","ARRAYEXPRESS,ENSG"
"ENSMUSG00000028599","ENSMUSG00000028599","Tnfrsf1b","tumor necrosis factor receptor superfamily, member 1b [Source:MGI Symbol;Acc:MGI:1314883]","ARRAYEXPRESS,ENSG"
"ENSMUSG00000109539","ENSMUSG00000109539","Gm44667","predicted gene 44667 [Source:MGI Symbol;Acc:MGI:5753243]","ARRAYEXPRESS,ENSG"
"ENSMUSG00000039531","ENSMUSG00000039531","Zup1","zinc finger containing ubiquitin peptidase 1 [Source:MGI Symbol;Acc:MGI:1919830]","ARRAYEXPRESS,ENSG"
"ENSMUSG00000000244","ENSMUSG00000000244","Tspan32","tetraspanin 32 [Source:MGI Symbol;Acc:MGI:1350360]","ARRAYEXPRESS,ENSG"
"ENSMUSG00000031802","ENSMUSG00000031802","Phxr4","per-hexamer repeat gene 4 [Source:MGI Symbol;Acc:MGI:104522]","ARRAYEXPRESS,ENSG"
"ENSMUSG00000024511","ENSMUSG00000024511","Rab27b","RAB27B, member RAS oncogene family [Source:MGI Symbol;Acc:MGI:1931295]","ARRAYEXPRESS,ENSG"
"ENSMUSG00000038991","ENSMUSG00000038991","Txndc5","thioredoxin domain containing 5 [Source:MGI Symbol;Acc:MGI:2145316]","ARRAYEXPRESS,ENSG"
"ENSMUSG00000046169","ENSMUSG00000046169","Adamts6","a disintegrin-like and metallopeptidase (reprolysin type) with thrombospondin type 1 motif, 6 [Source:MGI Symbol;Acc:MGI:1347348]","ARRAYEXPRESS,ENSG"
"ENSMUSG00000042349","ENSMUSG00000042349","Ikbke","inhibitor of kappaB kinase epsilon [Source:MGI Symbol;Acc:MGI:1929612]","ARRAYEXPRESS,ENSG"
"ENSMUSG00000033965","ENSMUSG00000033965","Slc16a2","solute carrier family 16 (monocarboxylic acid transporters), member 2 [Source:MGI Symbol;Acc:MGI:1203732]","ARRAYEXPRESS,ENSG"
"ENSMUSG00000027346","ENSMUSG00000027346","Gpcpd1","glycerophosphocholine phosphodiesterase 1 [Source:MGI Symbol;Acc:MGI:104898]","ARRAYEXPRESS,ENSG"
"ENSMUSG00000028937","ENSMUSG00000028937","Acot7","acyl-CoA thioesterase 7 [Source:MGI Symbol;Acc:MGI:1917275]","ARRAYEXPRESS,ENSG"
"ENSMUSG00000035000","ENSMUSG00000035000","Dpp4","dipeptidylpeptidase 4 [Source:MGI Symbol;Acc:MGI:94919]","ARRAYEXPRESS,ENSG"
"ENSMUSG00000097289","None","None","None",""
"ENSMUSG00000099757","ENSMUSG00000099757","BE692007","expressed sequence BE692007 [Source:MGI Symbol;Acc:MGI:3035348]","ARRAYEXPRESS,ENSG"
"ENSMUSG00000102212","ENSMUSG00000102212","C230085N15Rik","RIKEN cDNA C230085N15 gene [Source:MGI Symbol;Acc:MGI:2444267]","ARRAYEXPRESS,ENSG"
"ENSMUSG00000052632","ENSMUSG00000052632","Asap2","ArfGAP with SH3 domain, ankyrin repeat and PH domain 2 [Source:MGI Symbol;Acc:MGI:2685438]","ARRAYEXPRESS,ENSG"
"ENSMUSG00000116433","ENSMUSG00000116433","Gm49553","predicted gene, 49553 [Source:MGI Symbol;Acc:MGI:6155262]","ARRAYEXPRESS,ENSG"
"ENSMUSG00000049044","ENSMUSG00000049044","Rapgef4","Rap guanine nucleotide exchange factor (GEF) 4 [Source:MGI Symbol;Acc:MGI:1917723]","ARRAYEXPRESS,ENSG"
"ENSMUSG00000004207","ENSMUSG00000004207","Psap","prosaposin [Source:MGI Symbol;Acc:MGI:97783]","ARRAYEXPRESS,ENSG"
"ENSMUSG00000032666","ENSMUSG00000032666","1700025G04Rik","RIKEN cDNA 1700025G04 gene [Source:MGI Symbol;Acc:MGI:1916649]","ARRAYEXPRESS,ENSG"
"ENSMUSG00000033826","ENSMUSG00000033826","Dnah8","dynein, axonemal, heavy chain 8 [Source:MGI Symbol;Acc:MGI:107714]","ARRAYEXPRESS,ENSG"
"ENSMUSG00000029050","ENSMUSG00000029050","Ski","ski sarcoma viral oncogene homolog (avian) [Source:MGI Symbol;Acc:MGI:98310]","ARRAYEXPRESS,ENSG"
"ENSMUSG00000032267","ENSMUSG00000032267","Usp28","ubiquitin specific peptidase 28 [Source:MGI Symbol;Acc:MGI:2442293]","ARRAYEXPRESS,ENSG"
"ENSMUSG00000042121","ENSMUSG00000042121","Ssh1","slingshot protein phosphatase 1 [Source:MGI Symbol;Acc:MGI:2686240]","ARRAYEXPRESS,ENSG"
"ENSMUSG00000025366","ENSMUSG00000025366","Esyt1","extended synaptotagmin-like protein 1 [Source:MGI Symbol;Acc:MGI:1344426]","ARRAYEXPRESS,ENSG"
"ENSMUSG00000030103","ENSMUSG00000030103","Bhlhe40","basic helix-loop-helix family, member e40 [Source:MGI Symbol;Acc:MGI:1097714]","ARRAYEXPRESS,ENSG"
"ENSMUSG00000032420","ENSMUSG00000032420","Nt5e","5' nucleotidase, ecto [Source:MGI Symbol;Acc:MGI:99782]","ARRAYEXPRESS,ENSG"
"ENSMUSG00000075602","ENSMUSG00000075602","Ly6a","lymphocyte antigen 6 complex, locus A [Source:MGI Symbol;Acc:MGI:107527]","ARRAYEXPRESS,ENSG"
"ENSMUSG00000093894","ENSMUSG00000093894","Ighv1-53","immunoglobulin heavy variable 1-53 [Source:MGI Symbol;Acc:MGI:3576502]","ARRAYEXPRESS,ENSG"
"ENSMUSG00000061859","ENSMUSG00000061859","Patj","PATJ, crumbs cell polarity complex component [Source:MGI Symbol;Acc:MGI:1277960]","ARRAYEXPRESS,ENSG"
"ENSMUSG00000034353","ENSMUSG00000034353","Ramp1","receptor (calcitonin) activity modifying protein 1 [Source:MGI Symbol;Acc:MGI:1858418]","ARRAYEXPRESS,ENSG"
"ENSMUSG00000061436","ENSMUSG00000061436","Hipk2","homeodomain interacting protein kinase 2 [Source:MGI Symbol;Acc:MGI:1314872]","ARRAYEXPRESS,ENSG"
"ENSMUSG00000038147","ENSMUSG00000038147","Cd84","CD84 antigen [Source:MGI Symbol;Acc:MGI:1336885]","ARRAYEXPRESS,ENSG"
"ENSMUSG00000029860","ENSMUSG00000029860","Zyx","zyxin [Source:MGI Symbol;Acc:MGI:103072]","ARRAYEXPRESS,ENSG"
"ENSMUSG00000104125","ENSMUSG00000104125","Gm37488","predicted gene, 37488 [Source:MGI Symbol;Acc:MGI:5610716]","ARRAYEXPRESS,ENSG"
"ENSMUSG00000005873","ENSMUSG00000005873","Reep5","receptor accessory protein 5 [Source:MGI Symbol;Acc:MGI:1270152]","ARRAYEXPRESS,ENSG"
"ENSMUSG00000090272","ENSMUSG00000090272","Mndal","myeloid nuclear differentiation antigen like [Source:MGI Symbol;Acc:MGI:3780953]","ARRAYEXPRESS,ENSG"
"ENSMUSG00000001228","ENSMUSG00000001228","Uhrf1","ubiquitin-like, containing PHD and RING finger domains, 1 [Source:MGI Symbol;Acc:MGI:1338889]","ARRAYEXPRESS,ENSG"
"ENSMUSG00000031428","ENSMUSG00000031428","Zcchc18","zinc finger, CCHC domain containing 18 [Source:MGI Symbol;Acc:MGI:1914245]","ARRAYEXPRESS,ENSG"
"ENSMUSG00000105986","ENSMUSG00000105986","Gm43065","predicted gene 43065 [Source:MGI Symbol;Acc:MGI:5663202]","ARRAYEXPRESS,ENSG"
"ENSMUSG00000026872","ENSMUSG00000026872","Zeb2","zinc finger E-box binding homeobox 2 [Source:MGI Symbol;Acc:MGI:1344407]","ARRAYEXPRESS,ENSG"
"ENSMUSG00000029530","ENSMUSG00000029530","Ccr9","chemokine (C-C motif) receptor 9 [Source:MGI Symbol;Acc:MGI:1341902]","ARRAYEXPRESS,ENSG"
"ENSMUSG00000027544","ENSMUSG00000027544","Nfatc2","nuclear factor of activated T cells, cytoplasmic, calcineurin dependent 2 [Source:MGI Symbol;Acc:MGI:102463]","ARRAYEXPRESS,ENSG"
"ENSMUSG00000103168","ENSMUSG00000103168","Gm30948","predicted gene, 30948 [Source:MGI Symbol;Acc:MGI:5590107]","ARRAYEXPRESS,ENSG"
"ENSMUSG00000032601","ENSMUSG00000032601","Prkar2a","protein kinase, cAMP dependent regulatory, type II alpha [Source:MGI Symbol;Acc:MGI:108025]","ARRAYEXPRESS,ENSG"
"ENSMUSG00000023015","ENSMUSG00000023015","Racgap1","Rac GTPase-activating protein 1 [Source:MGI Symbol;Acc:MGI:1349423]","ARRAYEXPRESS,ENSG"
"ENSMUSG00000078945","ENSMUSG00000078945","Naip2","NLR family, apoptosis inhibitory protein 2 [Source:MGI Symbol;Acc:MGI:1298226]","ARRAYEXPRESS,ENSG"
"ENSMUSG00000103261","ENSMUSG00000103261","Gm36981","predicted gene, 36981 [Source:MGI Symbol;Acc:MGI:5610209]","ARRAYEXPRESS,ENSG"
"ENSMUSG00000020108","ENSMUSG00000020108","Ddit4","DNA-damage-inducible transcript 4 [Source:MGI Symbol;Acc:MGI:1921997]","ARRAYEXPRESS,ENSG"
"ENSMUSG00000000127","ENSMUSG00000000127","Fer","fer (fms/fps related) protein kinase [Source:MGI Symbol;Acc:MGI:105917]","ARRAYEXPRESS,ENSG"
"ENSMUSG00000007029","ENSMUSG00000007029","Vars","valyl-tRNA synthetase [Source:MGI Symbol;Acc:MGI:90675]","ARRAYEXPRESS,ENSG"
"ENSMUSG00000052949","ENSMUSG00000052949","Rnf157","ring finger protein 157 [Source:MGI Symbol;Acc:MGI:2442484]","ARRAYEXPRESS,ENSG"
"ENSMUSG00000108129","ENSMUSG00000108129","4930417O13Rik","RIKEN cDNA 4930417O13 gene [Source:MGI Symbol;Acc:MGI:1921120]","ARRAYEXPRESS,ENSG"
"ENSMUSG00000111086","ENSMUSG00000111086","Gm48671","predicted gene, 48671 [Source:MGI Symbol;Acc:MGI:6098289]","ARRAYEXPRESS,ENSG"
"ENSMUSG00000091575","ENSMUSG00000091575","2010016I18Rik","RIKEN cDNA 2010016I18 gene [Source:MGI Symbol;Acc:MGI:1916456]","ARRAYEXPRESS,ENSG"
"ENSMUSG00000100426","ENSMUSG00000100426","Gm4208","predicted gene 4208 [Source:MGI Symbol;Acc:MGI:3782384]","ARRAYEXPRESS,ENSG"
"ENSMUSG00000042508","ENSMUSG00000042508","Dmtf1","cyclin D binding myb like transcription factor 1 [Source:MGI Symbol;Acc:MGI:1344415]","ARRAYEXPRESS,ENSG"
"ENSMUSG00000087340","ENSMUSG00000087340","Gm15228","predicted gene 15228 [Source:MGI Symbol;Acc:MGI:3705118]","ARRAYEXPRESS,ENSG"
"ENSMUSG00000076463","ENSMUSG00000076463","Trbv3","T cell receptor beta, variable 3 [Source:MGI Symbol;Acc:MGI:98590]","ARRAYEXPRESS,ENSG"
"ENSMUSG00000029822","ENSMUSG00000029822","Osbpl3","oxysterol binding protein-like 3 [Source:MGI Symbol;Acc:MGI:1918970]","ARRAYEXPRESS,ENSG"
"ENSMUSG00000102719","ENSMUSG00000102719","Gm37760","predicted gene, 37760 [Source:MGI Symbol;Acc:MGI:5610988]","ARRAYEXPRESS,ENSG"
"ENSMUSG00000005973","ENSMUSG00000005973","Rcn1","reticulocalbin 1 [Source:MGI Symbol;Acc:MGI:104559]","ARRAYEXPRESS,ENSG"
"ENSMUSG00000068129","ENSMUSG00000068129","Cst7","cystatin F (leukocystatin) [Source:MGI Symbol;Acc:MGI:1298217]","ARRAYEXPRESS,ENSG"
"ENSMUSG00000051359","ENSMUSG00000051359","Ncald","neurocalcin delta [Source:MGI Symbol;Acc:MGI:1196326]","ARRAYEXPRESS,ENSG"
"ENSMUSG00000104612","ENSMUSG00000104612","Gm42449","predicted gene 42449 [Source:MGI Symbol;Acc:MGI:5662586]","ARRAYEXPRESS,ENSG"
"ENSMUSG00000102844","ENSMUSG00000102844","Gm38034","predicted gene, 38034 [Source:MGI Symbol;Acc:MGI:5611262]","ARRAYEXPRESS,ENSG"
"ENSMUSG00000034586","ENSMUSG00000034586","Hid1","HID1 domain containing [Source:MGI Symbol;Acc:MGI:2445087]","ARRAYEXPRESS,ENSG"
"ENSMUSG00000045382","ENSMUSG00000045382","Cxcr4","chemokine (C-X-C motif) receptor 4 [Source:MGI Symbol;Acc:MGI:109563]","ARRAYEXPRESS,ENSG"
"ENSMUSG00000030325","ENSMUSG00000030325","Klrb1c","killer cell lectin-like receptor subfamily B member 1C [Source:MGI Symbol;Acc:MGI:107538]","ARRAYEXPRESS,ENSG"
"ENSMUSG00000032231","ENSMUSG00000032231","Anxa2","annexin A2 [Source:MGI Symbol;Acc:MGI:88246]","ARRAYEXPRESS,ENSG"
"ENSMUSG00000079227","ENSMUSG00000079227","Ccr5","chemokine (C-C motif) receptor 5 [Source:MGI Symbol;Acc:MGI:107182]","ARRAYEXPRESS,ENSG"
"ENSMUSG00000033066","ENSMUSG00000033066","Gas7","growth arrest specific 7 [Source:MGI Symbol;Acc:MGI:1202388]","ARRAYEXPRESS,ENSG"
"ENSMUSG00000096833","ENSMUSG00000096833","Igkv4-55","immunoglobulin kappa variable 4-55 [Source:MGI Symbol;Acc:MGI:2686370]","ARRAYEXPRESS,ENSG"
"ENSMUSG00000079056","ENSMUSG00000079056","Kcnip3","Kv channel interacting protein 3, calsenilin [Source:MGI Symbol;Acc:MGI:1929258]","ARRAYEXPRESS,ENSG"
"ENSMUSG00000020914","ENSMUSG00000020914","Top2a","topoisomerase (DNA) II alpha [Source:MGI Symbol;Acc:MGI:98790]","ARRAYEXPRESS,ENSG"
"ENSMUSG00000103779","ENSMUSG00000103779","Gm36931","predicted gene, 36931 [Source:MGI Symbol;Acc:MGI:5610159]","ARRAYEXPRESS,ENSG"
"ENSMUSG00000046807","ENSMUSG00000046807","Lrrc75b","leucine rich repeat containing 75B [Source:MGI Symbol;Acc:MGI:2143657]","ARRAYEXPRESS,ENSG"
"ENSMUSG00000038776","ENSMUSG00000038776","Ephx1","epoxide hydrolase 1, microsomal [Source:MGI Symbol;Acc:MGI:95405]","ARRAYEXPRESS,ENSG"
"ENSMUSG00000024948","ENSMUSG00000024948","Map4k2","mitogen-activated protein kinase kinase kinase kinase 2 [Source:MGI Symbol;Acc:MGI:1346883]","ARRAYEXPRESS,ENSG"
"ENSMUSG00000075297","ENSMUSG00000075297","H60b","histocompatibility 60b [Source:MGI Symbol;Acc:MGI:3649078]","ARRAYEXPRESS,ENSG"
"ENSMUSG00000102153","ENSMUSG00000102153","Gm37474","predicted gene, 37474 [Source:MGI Symbol;Acc:MGI:5610702]","ARRAYEXPRESS,ENSG"
"ENSMUSG00000023267","ENSMUSG00000023267","Gabrr2","gamma-aminobutyric acid (GABA) C receptor, subunit rho 2 [Source:MGI Symbol;Acc:MGI:95626]","ARRAYEXPRESS,ENSG"
"ENSMUSG00000020891","ENSMUSG00000020891","Alox8","arachidonate 8-lipoxygenase [Source:MGI Symbol;Acc:MGI:1098228]","ARRAYEXPRESS,ENSG"
"ENSMUSG00000053113","ENSMUSG00000053113","Socs3","suppressor of cytokine signaling 3 [Source:MGI Symbol;Acc:MGI:1201791]","ARRAYEXPRESS,ENSG"
"ENSMUSG00000005198","ENSMUSG00000005198","Polr2a","polymerase (RNA) II (DNA directed) polypeptide A [Source:MGI Symbol;Acc:MGI:98086]","ARRAYEXPRESS,ENSG"
"ENSMUSG00000034220","ENSMUSG00000034220","Gpc1","glypican 1 [Source:MGI Symbol;Acc:MGI:1194891]","ARRAYEXPRESS,ENSG"
"ENSMUSG00000020263","ENSMUSG00000020263","Appl2","adaptor protein, phosphotyrosine interaction, PH domain and leucine zipper containing 2 [Source:MGI Symbol;Acc:MGI:2384914]","ARRAYEXPRESS,ENSG"
"ENSMUSG00000033565","ENSMUSG00000033565","Rbfox2","RNA binding protein, fox-1 homolog (C. elegans) 2 [Source:MGI Symbol;Acc:MGI:1933973]","ARRAYEXPRESS,ENSG"
"ENSMUSG00000028134","ENSMUSG00000028134","Ptbp2","polypyrimidine tract binding protein 2 [Source:MGI Symbol;Acc:MGI:1860489]","ARRAYEXPRESS,ENSG"
"ENSMUSG00000050310","ENSMUSG00000050310","Rictor","RPTOR independent companion of MTOR, complex 2 [Source:MGI Symbol;Acc:MGI:1926007]","ARRAYEXPRESS,ENSG"
"ENSMUSG00000046668","ENSMUSG00000046668","Cxxc5","CXXC finger 5 [Source:MGI Symbol;Acc:MGI:1914643]","ARRAYEXPRESS,ENSG"
"ENSMUSG00000030852","ENSMUSG00000030852","Tacc2","transforming, acidic coiled-coil containing protein 2 [Source:MGI Symbol;Acc:MGI:1928899]","ARRAYEXPRESS,ENSG"
"ENSMUSG00000056145","ENSMUSG00000056145","AI504432","expressed sequence AI504432 [Source:MGI Symbol;Acc:MGI:2139742]","ARRAYEXPRESS,ENSG"
"ENSMUSG00000022885","ENSMUSG00000022885","St6gal1","beta galactoside alpha 2,6 sialyltransferase 1 [Source:MGI Symbol;Acc:MGI:108470]","ARRAYEXPRESS,ENSG"
"ENSMUSG00000103089","ENSMUSG00000103089","Gm38118","predicted gene, 38118 [Source:MGI Symbol;Acc:MGI:5611346]","ARRAYEXPRESS,ENSG"
"ENSMUSG00000007670","ENSMUSG00000007670","Khsrp","KH-type splicing regulatory protein [Source:MGI Symbol;Acc:MGI:1336214]","ARRAYEXPRESS,ENSG"
"ENSMUSG00000047880","ENSMUSG00000047880","Cxcr5","chemokine (C-X-C motif) receptor 5 [Source:MGI Symbol;Acc:MGI:103567]","ARRAYEXPRESS,ENSG"
"ENSMUSG00000113313","ENSMUSG00000113313","Gm32036","predicted gene, 32036 [Source:MGI Symbol;Acc:MGI:5591195]","ARRAYEXPRESS,ENSG"
"ENSMUSG00000079481","ENSMUSG00000079481","Nhsl2","NHS-like 2 [Source:MGI Symbol;Acc:MGI:3645090]","ARRAYEXPRESS,ENSG"
"ENSMUSG00000066363","ENSMUSG00000066363","Serpina3f","serine (or cysteine) peptidase inhibitor, clade A, member 3F [Source:MGI Symbol;Acc:MGI:2182838]","ARRAYEXPRESS,ENSG"
"ENSMUSG00000102973","ENSMUSG00000102973","E430014B02Rik","RIKEN cDNA E430014B02 gene [Source:MGI Symbol;Acc:MGI:2445017]","ARRAYEXPRESS,ENSG"
"ENSMUSG00000080939","ENSMUSG00000080939","Gm9208","predicted gene 9208 [Source:MGI Symbol;Acc:MGI:3648125]","ARRAYEXPRESS,ENSG"
"ENSMUSG00000097108","ENSMUSG00000097108","Gm26581","predicted gene, 26581 [Source:MGI Symbol;Acc:MGI:5477075]","ARRAYEXPRESS,ENSG"
"ENSMUSG00000024222","ENSMUSG00000024222","Fkbp5","FK506 binding protein 5 [Source:MGI Symbol;Acc:MGI:104670]","ARRAYEXPRESS,ENSG"
"ENSMUSG00000029217","ENSMUSG00000029217","Tec","tec protein tyrosine kinase [Source:MGI Symbol;Acc:MGI:98662]","ARRAYEXPRESS,ENSG"
"ENSMUSG00000026463","ENSMUSG00000026463","Atp2b4","ATPase, Ca++ transporting, plasma membrane 4 [Source:MGI Symbol;Acc:MGI:88111]","ARRAYEXPRESS,ENSG"
"ENSMUSG00000097219","None","None","None",""
"ENSMUSG00000025876","ENSMUSG00000025876","Unc5a","unc-5 netrin receptor A [Source:MGI Symbol;Acc:MGI:894682]","ARRAYEXPRESS,ENSG"
"ENSMUSG00000076612","ENSMUSG00000076612","Ighg2c","immunoglobulin heavy constant gamma 2C [Source:MGI Symbol;Acc:MGI:2686979]","ARRAYEXPRESS,ENSG"
"ENSMUSG00000042156","ENSMUSG00000042156","Dzip1","DAZ interacting protein 1 [Source:MGI Symbol;Acc:MGI:1914311]","ARRAYEXPRESS,ENSG"
"ENSMUSG00000102744","ENSMUSG00000102744","5830444F18Rik","RIKEN cDNA 5830444F18 gene [Source:MGI Symbol;Acc:MGI:2444780]","ARRAYEXPRESS,ENSG"
"ENSMUSG00000038128","ENSMUSG00000038128","Camk4","calcium/calmodulin-dependent protein kinase IV [Source:MGI Symbol;Acc:MGI:88258]","ARRAYEXPRESS,ENSG"
"ENSMUSG00000109429","ENSMUSG00000109429","Gm45223","predicted gene 45223 [Source:MGI Symbol;Acc:MGI:5753799]","ARRAYEXPRESS,ENSG"
"ENSMUSG00000084760","ENSMUSG00000084760","Gm15472","predicted gene 15472 [Source:MGI Symbol;Acc:MGI:3707328]","ARRAYEXPRESS,ENSG"
"ENSMUSG00000098843","ENSMUSG00000098843","Gm27240","predicted gene 27240 [Source:MGI Symbol;Acc:MGI:5521083]","ARRAYEXPRESS,ENSG"
"ENSMUSG00000095589","ENSMUSG00000095589","Ighv1-55","immunoglobulin heavy variable 1-55 [Source:MGI Symbol;Acc:MGI:4439716]","ARRAYEXPRESS,ENSG"
"ENSMUSG00000058773","ENSMUSG00000058773","H1f5","H1.5 linker histone, cluster member [Source:MGI Symbol;Acc:MGI:1861461]","ARRAYEXPRESS,ENSG"
"ENSMUSG00000030352","ENSMUSG00000030352","Tspan9","tetraspanin 9 [Source:MGI Symbol;Acc:MGI:1924558]","ARRAYEXPRESS,ENSG"
"ENSMUSG00000058975","ENSMUSG00000058975","Kcnc1","potassium voltage gated channel, Shaw-related subfamily, member 1 [Source:MGI Symbol;Acc:MGI:96667]","ARRAYEXPRESS,ENSG"
"ENSMUSG00000032577","ENSMUSG00000032577","Mapkapk3","mitogen-activated protein kinase-activated protein kinase 3 [Source:MGI Symbol;Acc:MGI:2143163]","ARRAYEXPRESS,ENSG"
"ENSMUSG00000051166","ENSMUSG00000051166","Eml5","echinoderm microtubule associated protein like 5 [Source:MGI Symbol;Acc:MGI:2442513]","ARRAYEXPRESS,ENSG"
"ENSMUSG00000071203","ENSMUSG00000071203","Naip5","NLR family, apoptosis inhibitory protein 5 [Source:MGI Symbol;Acc:MGI:1298220]","ARRAYEXPRESS,ENSG"
"ENSMUSG00000051537","ENSMUSG00000051537","Gm5124","predicted pseudogene 5124 [Source:MGI Symbol;Acc:MGI:3643622]","ARRAYEXPRESS,ENSG"
"ENSMUSG00000024998","ENSMUSG00000024998","Plce1","phospholipase C, epsilon 1 [Source:MGI Symbol;Acc:MGI:1921305]","ARRAYEXPRESS,ENSG"
"ENSMUSG00000030447","ENSMUSG00000030447","Cyfip1","cytoplasmic FMR1 interacting protein 1 [Source:MGI Symbol;Acc:MGI:1338801]","ARRAYEXPRESS,ENSG"
"ENSMUSG00000028967","ENSMUSG00000028967","Errfi1","ERBB receptor feedback inhibitor 1 [Source:MGI Symbol;Acc:MGI:1921405]","ARRAYEXPRESS,ENSG"
"ENSMUSG00000033849","ENSMUSG00000033849","B3galt2","UDP-Gal:betaGlcNAc beta 1,3-galactosyltransferase, polypeptide 2 [Source:MGI Symbol;Acc:MGI:1349461]","ARRAYEXPRESS,ENSG"
"ENSMUSG00000031933","ENSMUSG00000031933","Izumo1r","IZUMO1 receptor, JUNO [Source:MGI Symbol;Acc:MGI:1929185]","ARRAYEXPRESS,ENSG"
"ENSMUSG00000027009","ENSMUSG00000027009","Itga4","integrin alpha 4 [Source:MGI Symbol;Acc:MGI:96603]","ARRAYEXPRESS,ENSG"
"ENSMUSG00000039899","ENSMUSG00000039899","Fgl2","fibrinogen-like protein 2 [Source:MGI Symbol;Acc:MGI:103266]","ARRAYEXPRESS,ENSG"
"ENSMUSG00000033249","ENSMUSG00000033249","Hsf4","heat shock transcription factor 4 [Source:MGI Symbol;Acc:MGI:1347058]","ARRAYEXPRESS,ENSG"
"ENSMUSG00000031996","ENSMUSG00000031996","Aplp2","amyloid beta (A4) precursor-like protein 2 [Source:MGI Symbol;Acc:MGI:88047]","ARRAYEXPRESS,ENSG"
"ENSMUSG00000028228","ENSMUSG00000028228","Cpne3","copine III [Source:MGI Symbol;Acc:MGI:1917818]","ARRAYEXPRESS,ENSG"
"ENSMUSG00000020689","ENSMUSG00000020689","Itgb3","integrin beta 3 [Source:MGI Symbol;Acc:MGI:96612]","ARRAYEXPRESS,ENSG"
"ENSMUSG00000094075","ENSMUSG00000094075","Ighv1-80","immunoglobulin heavy variable 1-80 [Source:MGI Symbol;Acc:MGI:4439738]","ARRAYEXPRESS,ENSG"
"ENSMUSG00000103774","ENSMUSG00000103774","Gm36932","predicted gene, 36932 [Source:MGI Symbol;Acc:MGI:5610160]","ARRAYEXPRESS,ENSG"
"ENSMUSG00000039599","ENSMUSG00000039599","Fam149b","family with sequence similarity 149, member B [Source:MGI Symbol;Acc:MGI:2145567]","ARRAYEXPRESS,ENSG"
"ENSMUSG00000111971","ENSMUSG00000111971","Gm48678","predicted gene, 48678 [Source:MGI Symbol;Acc:MGI:6098299]","ARRAYEXPRESS,ENSG"
"ENSMUSG00000102992","ENSMUSG00000102992","Gm37766","predicted gene, 37766 [Source:MGI Symbol;Acc:MGI:5610994]","ARRAYEXPRESS,ENSG"
"ENSMUSG00000107955","ENSMUSG00000107955","Gm44027","predicted gene, 44027 [Source:MGI Symbol;Acc:MGI:5690419]","ARRAYEXPRESS,ENSG"
"ENSMUSG00000037815","ENSMUSG00000037815","Ctnna1","catenin (cadherin associated protein), alpha 1 [Source:MGI Symbol;Acc:MGI:88274]","ARRAYEXPRESS,ENSG"
"ENSMUSG00000109005","ENSMUSG00000109005","Gm45221","predicted gene 45221 [Source:MGI Symbol;Acc:MGI:5753797]","ARRAYEXPRESS,ENSG"
"ENSMUSG00000072721","ENSMUSG00000072721","Klra14-ps","killer cell lectin-like receptor subfamily A, member 14, pseudogene [Source:MGI Symbol;Acc:MGI:1321089]","ARRAYEXPRESS,ENSG"
"ENSMUSG00000103192","ENSMUSG00000103192","Gm37645","predicted gene, 37645 [Source:MGI Symbol;Acc:MGI:5610873]","ARRAYEXPRESS,ENSG"
"ENSMUSG00000048277","ENSMUSG00000048277","Syngr2","synaptogyrin 2 [Source:MGI Symbol;Acc:MGI:1328324]","ARRAYEXPRESS,ENSG"
"ENSMUSG00000067220","ENSMUSG00000067220","Cnga1","cyclic nucleotide gated channel alpha 1 [Source:MGI Symbol;Acc:MGI:88436]","ARRAYEXPRESS,ENSG"
"ENSMUSG00000022604","ENSMUSG00000022604","Cep97","centrosomal protein 97 [Source:MGI Symbol;Acc:MGI:1921451]","ARRAYEXPRESS,ENSG"
"ENSMUSG00000036800","ENSMUSG00000036800","Fam135b","family with sequence similarity 135, member B [Source:MGI Symbol;Acc:MGI:1917613]","ARRAYEXPRESS,ENSG"
"ENSMUSG00000104432","ENSMUSG00000104432","A430027C01Rik","RIKEN cDNA A430027C01 gene [Source:MGI Symbol;Acc:MGI:2143417]","ARRAYEXPRESS,ENSG"
"ENSMUSG00000002496","ENSMUSG00000002496","Tsc2","TSC complex subunit 2 [Source:MGI Symbol;Acc:MGI:102548]","ARRAYEXPRESS,ENSG"
"ENSMUSG00000104350","ENSMUSG00000104350","Gm38244","predicted gene, 38244 [Source:MGI Symbol;Acc:MGI:5611472]","ARRAYEXPRESS,ENSG"
"ENSMUSG00000109498","ENSMUSG00000109498","Gm45222","predicted gene 45222 [Source:MGI Symbol;Acc:MGI:5753798]","ARRAYEXPRESS,ENSG"
"ENSMUSG00000022901","ENSMUSG00000022901","Cd86","CD86 antigen [Source:MGI Symbol;Acc:MGI:101773]","ARRAYEXPRESS,ENSG"
"ENSMUSG00000111293","ENSMUSG00000111293","Gm34006","predicted gene, 34006 [Source:MGI Symbol;Acc:MGI:5593165]","ARRAYEXPRESS,ENSG"
"ENSMUSG00000073145","ENSMUSG00000073145","Gm12000","predicted gene 12000 [Source:MGI Symbol;Acc:MGI:3651524]","ARRAYEXPRESS,ENSG"
"ENSMUSG00000052928","ENSMUSG00000052928","Ctif","CBP80/20-dependent translation initiation factor [Source:MGI Symbol;Acc:MGI:2685518]","ARRAYEXPRESS,ENSG"
"ENSMUSG00000020027","ENSMUSG00000020027","Socs2","suppressor of cytokine signaling 2 [Source:MGI Symbol;Acc:MGI:1201787]","ARRAYEXPRESS,ENSG"
"ENSMUSG00000009772","ENSMUSG00000009772","Nuak2","NUAK family, SNF1-like kinase, 2 [Source:MGI Symbol;Acc:MGI:1921387]","ARRAYEXPRESS,ENSG"
"ENSMUSG00000112822","ENSMUSG00000112822","A130012E19Rik","RIKEN cDNA A130012E19 gene [Source:MGI Symbol;Acc:MGI:2443640]","ARRAYEXPRESS,ENSG"
"ENSMUSG00000001555","ENSMUSG00000001555","Fkbp10","FK506 binding protein 10 [Source:MGI Symbol;Acc:MGI:104769]","ARRAYEXPRESS,ENSG"
"ENSMUSG00000018398","ENSMUSG00000018398","Septin8","septin 8 [Source:MGI Symbol;Acc:MGI:894310]","ARRAYEXPRESS,ENSG"
"ENSMUSG00000104388","ENSMUSG00000104388","Gm37033","predicted gene, 37033 [Source:MGI Symbol;Acc:MGI:5610261]","ARRAYEXPRESS,ENSG"
"ENSMUSG00000014932","ENSMUSG00000014932","Yes1","YES proto-oncogene 1, Src family tyrosine kinase [Source:MGI Symbol;Acc:MGI:99147]","ARRAYEXPRESS,ENSG"
"ENSMUSG00000104724","ENSMUSG00000104724","Gm43162","predicted gene 43162 [Source:MGI Symbol;Acc:MGI:5663299]","ARRAYEXPRESS,ENSG"
"ENSMUSG00000094694","ENSMUSG00000094694","Ighv1-9","immunoglobulin heavy variable V1-9 [Source:MGI Symbol;Acc:MGI:4439621]","ARRAYEXPRESS,ENSG"
"ENSMUSG00000108741","ENSMUSG00000108741","Gm44553","predicted gene 44553 [Source:MGI Symbol;Acc:MGI:5753129]","ARRAYEXPRESS,ENSG"
"ENSMUSG00000032578","ENSMUSG00000032578","Cish","cytokine inducible SH2-containing protein [Source:MGI Symbol;Acc:MGI:103159]","ARRAYEXPRESS,ENSG"
"ENSMUSG00000102672","ENSMUSG00000102672","Gm37105","predicted gene, 37105 [Source:MGI Symbol;Acc:MGI:5610333]","ARRAYEXPRESS,ENSG"
"ENSMUSG00000097233","ENSMUSG00000097233","Gm17552","predicted gene, 17552 [Source:MGI Symbol;Acc:MGI:4937186]","ARRAYEXPRESS,ENSG"
"ENSMUSG00000107118","ENSMUSG00000107118","Gm42986","predicted gene 42986 [Source:MGI Symbol;Acc:MGI:5663123]","ARRAYEXPRESS,ENSG"
"ENSMUSG00000076609","ENSMUSG00000076609","Igkc","immunoglobulin kappa constant [Source:MGI Symbol;Acc:MGI:96495]","ARRAYEXPRESS,ENSG"
"ENSMUSG00000027663","ENSMUSG00000027663","Zmat3","zinc finger matrin type 3 [Source:MGI Symbol;Acc:MGI:1195270]","ARRAYEXPRESS,ENSG"
"ENSMUSG00000020483","ENSMUSG00000020483","Dynll2","dynein light chain LC8-type 2 [Source:MGI Symbol;Acc:MGI:1915347]","ARRAYEXPRESS,ENSG"
"ENSMUSG00000097779","ENSMUSG00000097779","4833407H14Rik","RIKEN cDNA 4833407H14 gene [Source:MGI Symbol;Acc:MGI:1921149]","ARRAYEXPRESS,ENSG"
"ENSMUSG00000103238","ENSMUSG00000103238","Gm36527","predicted gene, 36527 [Source:MGI Symbol;Acc:MGI:5595686]","ARRAYEXPRESS,ENSG"
"ENSMUSG00000001089","ENSMUSG00000001089","Luzp1","leucine zipper protein 1 [Source:MGI Symbol;Acc:MGI:107629]","ARRAYEXPRESS,ENSG"
"ENSMUSG00000055053","ENSMUSG00000055053","Nfic","nuclear factor I/C [Source:MGI Symbol;Acc:MGI:109591]","ARRAYEXPRESS,ENSG"
"ENSMUSG00000097051","None","None","None",""
"ENSMUSG00000043439","ENSMUSG00000043439","Epop","elongin BC and polycomb repressive complex 2 associated protein [Source:MGI Symbol;Acc:MGI:2143991]","ARRAYEXPRESS,ENSG"
"ENSMUSG00000037465","ENSMUSG00000037465","Klf10","Kruppel-like factor 10 [Source:MGI Symbol;Acc:MGI:1101353]","ARRAYEXPRESS,ENSG"
"ENSMUSG00000033880","ENSMUSG00000033880","Lgals3bp","lectin, galactoside-binding, soluble, 3 binding protein [Source:MGI Symbol;Acc:MGI:99554]","ARRAYEXPRESS,ENSG"
"ENSMUSG00000112417","ENSMUSG00000112417","A430028G04Rik","RIKEN cDNA A430028G04 gene [Source:MGI Symbol;Acc:MGI:2444187]","ARRAYEXPRESS,ENSG"
"ENSMUSG00000040010","ENSMUSG00000040010","Slc7a5","solute carrier family 7 (cationic amino acid transporter, y+ system), member 5 [Source:MGI Symbol;Acc:MGI:1298205]","ARRAYEXPRESS,ENSG"
"ENSMUSG00000101674","ENSMUSG00000101674","4930444A19Rik","RIKEN cDNA 4930444A19 gene [Source:MGI Symbol;Acc:MGI:1921230]","ARRAYEXPRESS,ENSG"
"ENSMUSG00000076907","ENSMUSG00000076907","Traj22","T cell receptor alpha joining 22 [Source:MGI Symbol;Acc:MGI:4439746]","ARRAYEXPRESS,ENSG"
"ENSMUSG00000029658","ENSMUSG00000029658","Wdr95","WD40 repeat domain 95 [Source:MGI Symbol;Acc:MGI:1923042]","ARRAYEXPRESS,ENSG"
"ENSMUSG00000102503","ENSMUSG00000102503","Gm37370","predicted gene, 37370 [Source:MGI Symbol;Acc:MGI:5610598]","ARRAYEXPRESS,ENSG"
"ENSMUSG00000015340","ENSMUSG00000015340","Cybb","cytochrome b-245, beta polypeptide [Source:MGI Symbol;Acc:MGI:88574]","ARRAYEXPRESS,ENSG"
"ENSMUSG00000021796","ENSMUSG00000021796","Bmpr1a","bone morphogenetic protein receptor, type 1A [Source:MGI Symbol;Acc:MGI:1338938]","ARRAYEXPRESS,ENSG"
"ENSMUSG00000103525","ENSMUSG00000103525","Gm37262","predicted gene, 37262 [Source:MGI Symbol;Acc:MGI:5610490]","ARRAYEXPRESS,ENSG"
"ENSMUSG00000039585","ENSMUSG00000039585","Myo9a","myosin IXa [Source:MGI Symbol;Acc:MGI:107735]","ARRAYEXPRESS,ENSG"
"ENSMUSG00000047344","ENSMUSG00000047344","Lancl3","LanC lantibiotic synthetase component C-like 3 (bacterial) [Source:MGI Symbol;Acc:MGI:2443335]","ARRAYEXPRESS,ENSG"
"ENSMUSG00000097352","ENSMUSG00000097352","C920009B18Rik","RIKEN cDNA  C920009B18 gene [Source:MGI Symbol;Acc:MGI:3583961]","ARRAYEXPRESS,ENSG"
"ENSMUSG00000104488","ENSMUSG00000104488","Gm38062","predicted gene, 38062 [Source:MGI Symbol;Acc:MGI:5611290]","ARRAYEXPRESS,ENSG"
"ENSMUSG00000025175","ENSMUSG00000025175","Fn3k","fructosamine 3 kinase [Source:MGI Symbol;Acc:MGI:1926834]","ARRAYEXPRESS,ENSG"
"ENSMUSG00000105842","ENSMUSG00000105842","Gm43329","predicted gene 43329 [Source:MGI Symbol;Acc:MGI:5663466]","ARRAYEXPRESS,ENSG"
"ENSMUSG00000005469","ENSMUSG00000005469","Prkaca","protein kinase, cAMP dependent, catalytic, alpha [Source:MGI Symbol;Acc:MGI:97592]","ARRAYEXPRESS,ENSG"
"ENSMUSG00000104509","ENSMUSG00000104509","Gm33994","predicted gene, 33994 [Source:MGI Symbol;Acc:MGI:5593153]","ARRAYEXPRESS,ENSG"
"ENSMUSG00000021457","ENSMUSG00000021457","Syk","spleen tyrosine kinase [Source:MGI Symbol;Acc:MGI:99515]","ARRAYEXPRESS,ENSG"
"ENSMUSG00000076480","ENSMUSG00000076480","Trbv29","T cell receptor beta, variable 29 [Source:MGI Symbol;Acc:MGI:98605]","ARRAYEXPRESS,ENSG"
"ENSMUSG00000103676","ENSMUSG00000103676","Gm38204","predicted gene, 38204 [Source:MGI Symbol;Acc:MGI:5611432]","ARRAYEXPRESS,ENSG"
"ENSMUSG00000034591","ENSMUSG00000034591","Slc41a2","solute carrier family 41, member 2 [Source:MGI Symbol;Acc:MGI:2442940]","ARRAYEXPRESS,ENSG"
"ENSMUSG00000018925","ENSMUSG00000018925","Heatr9","HEAT repeat containing 9 [Source:MGI Symbol;Acc:MGI:3650286]","ARRAYEXPRESS,ENSG"
"ENSMUSG00000059791","ENSMUSG00000059791","Nrm","nurim (nuclear envelope membrane protein) [Source:MGI Symbol;Acc:MGI:2146855]","ARRAYEXPRESS,ENSG"
"ENSMUSG00000075031","ENSMUSG00000075031","H2bc3","H2B clustered histone 3 [Source:MGI Symbol;Acc:MGI:2448377]","ARRAYEXPRESS,ENSG"
"ENSMUSG00000029752","ENSMUSG00000029752","Asns","asparagine synthetase [Source:MGI Symbol;Acc:MGI:1350929]","ARRAYEXPRESS,ENSG"
"ENSMUSG00000073102","ENSMUSG00000073102","Drc1","dynein regulatory complex subunit 1 [Source:MGI Symbol;Acc:MGI:2685906]","ARRAYEXPRESS,ENSG"
"ENSMUSG00000102496","ENSMUSG00000102496","Gm36989","predicted gene, 36989 [Source:MGI Symbol;Acc:MGI:5610217]","ARRAYEXPRESS,ENSG"
"ENSMUSG00000103772","ENSMUSG00000103772","Gm36933","predicted gene, 36933 [Source:MGI Symbol;Acc:MGI:5610161]","ARRAYEXPRESS,ENSG"
"ENSMUSG00000102721","ENSMUSG00000102721","A630081D01Rik","RIKEN cDNA A630081D01 gene [Source:MGI Symbol;Acc:MGI:2138649]","ARRAYEXPRESS,ENSG"
"ENSMUSG00000039652","ENSMUSG00000039652","Cpeb3","cytoplasmic polyadenylation element binding protein 3 [Source:MGI Symbol;Acc:MGI:2443075]","ARRAYEXPRESS,ENSG"
"ENSMUSG00000034903","ENSMUSG00000034903","Cobll1","Cobl-like 1 [Source:MGI Symbol;Acc:MGI:2442894]","ARRAYEXPRESS,ENSG"
"ENSMUSG00000040584","ENSMUSG00000040584","Abcb1a","ATP-binding cassette, sub-family B (MDR/TAP), member 1A [Source:MGI Symbol;Acc:MGI:97570]","ARRAYEXPRESS,ENSG"
"ENSMUSG00000109045","ENSMUSG00000109045","Gm45084","predicted gene 45084 [Source:MGI Symbol;Acc:MGI:5753660]","ARRAYEXPRESS,ENSG"
"ENSMUSG00000033730","ENSMUSG00000033730","Egr3","early growth response 3 [Source:MGI Symbol;Acc:MGI:1306780]","ARRAYEXPRESS,ENSG"
"ENSMUSG00000025969","ENSMUSG00000025969","Nrp2","neuropilin 2 [Source:MGI Symbol;Acc:MGI:1100492]","ARRAYEXPRESS,ENSG"
"ENSMUSG00000028337","ENSMUSG00000028337","Coro2a","coronin, actin binding protein 2A [Source:MGI Symbol;Acc:MGI:1345966]","ARRAYEXPRESS,ENSG"
"ENSMUSG00000046841","ENSMUSG00000046841","Ckap4","cytoskeleton-associated protein 4 [Source:MGI Symbol;Acc:MGI:2444926]","ARRAYEXPRESS,ENSG"
"ENSMUSG00000009293","ENSMUSG00000009293","Ube2g2","ubiquitin-conjugating enzyme E2G 2 [Source:MGI Symbol;Acc:MGI:1343188]","ARRAYEXPRESS,ENSG"
"ENSMUSG00000090069","ENSMUSG00000090069","E430024P14Rik","RIKEN cDNA E430024P14 gene [Source:MGI Symbol;Acc:MGI:2445079]","ARRAYEXPRESS,ENSG"
"ENSMUSG00000040016","ENSMUSG00000040016","Ptger3","prostaglandin E receptor 3 (subtype EP3) [Source:MGI Symbol;Acc:MGI:97795]","ARRAYEXPRESS,ENSG"
"ENSMUSG00000113140","ENSMUSG00000113140","Gm48624","predicted gene, 48624 [Source:MGI Symbol;Acc:MGI:6098222]","ARRAYEXPRESS,ENSG"
"ENSMUSG00000022280","ENSMUSG00000022280","Rnf19a","ring finger protein 19A [Source:MGI Symbol;Acc:MGI:1353623]","ARRAYEXPRESS,ENSG"
"ENSMUSG00000087177","ENSMUSG00000087177","E130307A14Rik","RIKEN cDNA E130307A14 gene [Source:MGI Symbol;Acc:MGI:3036287]","ARRAYEXPRESS,ENSG"
"ENSMUSG00000042759","ENSMUSG00000042759","Apobr","apolipoprotein B receptor [Source:MGI Symbol;Acc:MGI:2176230]","ARRAYEXPRESS,ENSG"
"ENSMUSG00000045231","ENSMUSG00000045231","BC106179","cDNA sequence BC106179 [Source:MGI Symbol;Acc:MGI:3702726]","ARRAYEXPRESS,ENSG"
"ENSMUSG00000039959","ENSMUSG00000039959","Hip1","huntingtin interacting protein 1 [Source:MGI Symbol;Acc:MGI:1099804]","ARRAYEXPRESS,ENSG"
"ENSMUSG00000109652","ENSMUSG00000109652","Gm45555","predicted gene 45555 [Source:MGI Symbol;Acc:MGI:5791391]","ARRAYEXPRESS,ENSG"
"ENSMUSG00000111333","ENSMUSG00000111333","Gm48670","predicted gene, 48670 [Source:MGI Symbol;Acc:MGI:6098288]","ARRAYEXPRESS,ENSG"
"ENSMUSG00000038037","ENSMUSG00000038037","Socs1","suppressor of cytokine signaling 1 [Source:MGI Symbol;Acc:MGI:1354910]","ARRAYEXPRESS,ENSG"
"ENSMUSG00000050014","ENSMUSG00000050014","Apol10b","apolipoprotein L 10B [Source:MGI Symbol;Acc:MGI:3043522]","ARRAYEXPRESS,ENSG"
"ENSMUSG00000093861","ENSMUSG00000093861","Igkv1-110","immunoglobulin kappa variable 1-110 [Source:MGI Symbol;Acc:MGI:4439558]","ARRAYEXPRESS,ENSG"
"ENSMUSG00000022389","ENSMUSG00000022389","Tef","thyrotroph embryonic factor [Source:MGI Symbol;Acc:MGI:98663]","ARRAYEXPRESS,ENSG"
"ENSMUSG00000028782","ENSMUSG00000028782","Adgrb2","adhesion G protein-coupled receptor B2 [Source:MGI Symbol;Acc:MGI:2451244]","ARRAYEXPRESS,ENSG"
"ENSMUSG00000020376","ENSMUSG00000020376","Rnf130","ring finger protein 130 [Source:MGI Symbol;Acc:MGI:1891717]","ARRAYEXPRESS,ENSG"
"ENSMUSG00000102780","ENSMUSG00000102780","Gm38253","predicted gene, 38253 [Source:MGI Symbol;Acc:MGI:5611481]","ARRAYEXPRESS,ENSG"
"ENSMUSG00000033024","ENSMUSG00000033024","Klra9","killer cell lectin-like receptor subfamily A, member 9 [Source:MGI Symbol;Acc:MGI:1321153]","ARRAYEXPRESS,ENSG"
"ENSMUSG00000020649","ENSMUSG00000020649","Rrm2","ribonucleotide reductase M2 [Source:MGI Symbol;Acc:MGI:98181]","ARRAYEXPRESS,ENSG"
"ENSMUSG00000035236","ENSMUSG00000035236","Scai","suppressor of cancer cell invasion [Source:MGI Symbol;Acc:MGI:2443716]","ARRAYEXPRESS,ENSG"
"ENSMUSG00000089829","ENSMUSG00000089829","Gm16565","predicted gene 16565 [Source:MGI Symbol;Acc:MGI:4414985]","ARRAYEXPRESS,ENSG"
"ENSMUSG00000026765","ENSMUSG00000026765","Lypd6b","LY6/PLAUR domain containing 6B [Source:MGI Symbol;Acc:MGI:1919147]","ARRAYEXPRESS,ENSG"
"ENSMUSG00000105677","ENSMUSG00000105677","Gm43328","predicted gene 43328 [Source:MGI Symbol;Acc:MGI:5663465]","ARRAYEXPRESS,ENSG"
"ENSMUSG00000091997","ENSMUSG00000091997","Gm6611","predicted gene 6611 [Source:MGI Symbol;Acc:MGI:3645568]","ARRAYEXPRESS,ENSG"
"ENSMUSG00000059901","ENSMUSG00000059901","Adamts14","a disintegrin-like and metallopeptidase (reprolysin type) with thrombospondin type 1 motif, 14 [Source:MGI Symbol;Acc:MGI:2179942]","ARRAYEXPRESS,ENSG"
"ENSMUSG00000048332","ENSMUSG00000048332","Lhfp","lipoma HMGIC fusion partner [Source:MGI Symbol;Acc:MGI:1920048]","ARRAYEXPRESS,ENSG"
"ENSMUSG00000097476","ENSMUSG00000097476","Gm26583","predicted gene, 26583 [Source:MGI Symbol;Acc:MGI:5477077]","ARRAYEXPRESS,ENSG"
"ENSMUSG00000113603","ENSMUSG00000113603","Gm47004","predicted gene, 47004 [Source:MGI Symbol;Acc:MGI:6095681]","ARRAYEXPRESS,ENSG"
"ENSMUSG00000095105","ENSMUSG00000095105","Edaradd","EDAR (ectodysplasin-A receptor)-associated death domain [Source:MGI Symbol;Acc:MGI:1931001]","ARRAYEXPRESS,ENSG"
"ENSMUSG00000026018","ENSMUSG00000026018","Ica1l","islet cell autoantigen 1-like [Source:MGI Symbol;Acc:MGI:1917625]","ARRAYEXPRESS,ENSG"
"ENSMUSG00000054920","ENSMUSG00000054920","Klhl5","kelch-like 5 [Source:MGI Symbol;Acc:MGI:1919028]","ARRAYEXPRESS,ENSG"
"ENSMUSG00000037622","ENSMUSG00000037622","Wdtc1","WD and tetratricopeptide repeats 1 [Source:MGI Symbol;Acc:MGI:2685541]","ARRAYEXPRESS,ENSG"
"ENSMUSG00000021823","ENSMUSG00000021823","Vcl","vinculin [Source:MGI Symbol;Acc:MGI:98927]","ARRAYEXPRESS,ENSG"
"ENSMUSG00000023079","ENSMUSG00000023079","Gtf2ird1","general transcription factor II I repeat domain-containing 1 [Source:MGI Symbol;Acc:MGI:1861942]","ARRAYEXPRESS,ENSG"
"ENSMUSG00000007613","ENSMUSG00000007613","Tgfbr1","transforming growth factor, beta receptor I [Source:MGI Symbol;Acc:MGI:98728]","ARRAYEXPRESS,ENSG"
"ENSMUSG00000005374","ENSMUSG00000005374","Tbl2","transducin (beta)-like 2 [Source:MGI Symbol;Acc:MGI:1351652]","ARRAYEXPRESS,ENSG"
"ENSMUSG00000103591","ENSMUSG00000103591","Gm38365","predicted gene, 38365 [Source:MGI Symbol;Acc:MGI:5611593]","ARRAYEXPRESS,ENSG"
"ENSMUSG00000103739","ENSMUSG00000103739","Gm37653","predicted gene, 37653 [Source:MGI Symbol;Acc:MGI:5610881]","ARRAYEXPRESS,ENSG"
"ENSMUSG00000030651","ENSMUSG00000030651","Art2b","ADP-ribosyltransferase 2b [Source:MGI Symbol;Acc:MGI:107545]","ARRAYEXPRESS,ENSG"
"ENSMUSG00000055541","ENSMUSG00000055541","Lair1","leukocyte-associated Ig-like receptor 1 [Source:MGI Symbol;Acc:MGI:105492]","ARRAYEXPRESS,ENSG"
"ENSMUSG00000094212","ENSMUSG00000094212","Trav14-3","T cell receptor alpha variable 14-3 [Source:MGI Symbol;Acc:MGI:3702149]","ARRAYEXPRESS,ENSG"
"ENSMUSG00000049091","ENSMUSG00000049091","Sephs2","selenophosphate synthetase 2 [Source:MGI Symbol;Acc:MGI:108388]","ARRAYEXPRESS,ENSG"
"ENSMUSG00000005824","ENSMUSG00000005824","Tnfsf14","tumor necrosis factor (ligand) superfamily, member 14 [Source:MGI Symbol;Acc:MGI:1355317]","ARRAYEXPRESS,ENSG"
"ENSMUSG00000019977","ENSMUSG00000019977","Hbs1l","Hbs1-like (S. cerevisiae) [Source:MGI Symbol;Acc:MGI:1891704]","ARRAYEXPRESS,ENSG"
"ENSMUSG00000021069","ENSMUSG00000021069","Pygl","liver glycogen phosphorylase [Source:MGI Symbol;Acc:MGI:97829]","ARRAYEXPRESS,ENSG"
"ENSMUSG00000108447","ENSMUSG00000108447","Gm44567","predicted gene 44567 [Source:MGI Symbol;Acc:MGI:5753143]","ARRAYEXPRESS,ENSG"
"ENSMUSG00000103527","ENSMUSG00000103527","Gm37261","predicted gene, 37261 [Source:MGI Symbol;Acc:MGI:5610489]","ARRAYEXPRESS,ENSG"
"ENSMUSG00000087518","ENSMUSG00000087518","Gm13561","predicted gene 13561 [Source:MGI Symbol;Acc:MGI:3651674]","ARRAYEXPRESS,ENSG"
"ENSMUSG00000108633","ENSMUSG00000108633","Gm44694","predicted gene 44694 [Source:MGI Symbol;Acc:MGI:5753270]","ARRAYEXPRESS,ENSG"
"ENSMUSG00000105893","ENSMUSG00000105893","Wdr46-ps","Wdr46 retrotransposed pseudogene [Source:MGI Symbol;Acc:MGI:5010132]","ARRAYEXPRESS,ENSG"
"ENSMUSG00000050366","ENSMUSG00000050366","Olfr524","olfactory receptor 524 [Source:MGI Symbol;Acc:MGI:3030358]","ARRAYEXPRESS,ENSG"
"ENSMUSG00000050410","ENSMUSG00000050410","Tcf19","transcription factor 19 [Source:MGI Symbol;Acc:MGI:103180]","ARRAYEXPRESS,ENSG"
"ENSMUSG00000043740","ENSMUSG00000043740","B430306N03Rik","RIKEN cDNA B430306N03 gene [Source:MGI Symbol;Acc:MGI:2443478]","ARRAYEXPRESS,ENSG"
"ENSMUSG00000052336","ENSMUSG00000052336","Cx3cr1","chemokine (C-X3-C motif) receptor 1 [Source:MGI Symbol;Acc:MGI:1333815]","ARRAYEXPRESS,ENSG"
"ENSMUSG00000020802","ENSMUSG00000020802","Ube2o","ubiquitin-conjugating enzyme E2O [Source:MGI Symbol;Acc:MGI:2444266]","ARRAYEXPRESS,ENSG"
"ENSMUSG00000095332","ENSMUSG00000095332","Gm9821","predicted gene 9821 [Source:MGI Symbol;Acc:MGI:3704208]","ARRAYEXPRESS,ENSG"
"ENSMUSG00000085088","ENSMUSG00000085088","4931413K12Rik","RIKEN cDNA 4931413K12 gene [Source:MGI Symbol;Acc:MGI:1918237]","ARRAYEXPRESS,ENSG"
"ENSMUSG00000111030","ENSMUSG00000111030","Gm47234","predicted gene, 47234 [Source:MGI Symbol;Acc:MGI:6096052]","ARRAYEXPRESS,ENSG"
"ENSMUSG00000109390","ENSMUSG00000109390","Gm45718","predicted gene 45718 [Source:MGI Symbol;Acc:MGI:5804833]","ARRAYEXPRESS,ENSG"
"ENSMUSG00000106475","ENSMUSG00000106475","Gm43011","predicted gene 43011 [Source:MGI Symbol;Acc:MGI:5663148]","ARRAYEXPRESS,ENSG"
"ENSMUSG00000021362","ENSMUSG00000021362","Gcm2","glial cells missing homolog 2 [Source:MGI Symbol;Acc:MGI:1861438]","ARRAYEXPRESS,ENSG"
"ENSMUSG00000089774","ENSMUSG00000089774","Slc5a3","solute carrier family 5 (inositol transporters), member 3 [Source:MGI Symbol;Acc:MGI:1858226]","ARRAYEXPRESS,ENSG"
"ENSMUSG00000035268","ENSMUSG00000035268","Pkig","protein kinase inhibitor, gamma [Source:MGI Symbol;Acc:MGI:1343086]","ARRAYEXPRESS,ENSG"
"ENSMUSG00000020900","ENSMUSG00000020900","Myh10","myosin, heavy polypeptide 10, non-muscle [Source:MGI Symbol;Acc:MGI:1930780]","ARRAYEXPRESS,ENSG"
"ENSMUSG00000050777","ENSMUSG00000050777","Tmem37","transmembrane protein 37 [Source:MGI Symbol;Acc:MGI:2157899]","ARRAYEXPRESS,ENSG"
"ENSMUSG00000027330","ENSMUSG00000027330","Cdc25b","cell division cycle 25B [Source:MGI Symbol;Acc:MGI:99701]","ARRAYEXPRESS,ENSG"
"ENSMUSG00000027298","ENSMUSG00000027298","Tyro3","TYRO3 protein tyrosine kinase 3 [Source:MGI Symbol;Acc:MGI:104294]","ARRAYEXPRESS,ENSG"
"ENSMUSG00000041757","ENSMUSG00000041757","Plekha6","pleckstrin homology domain containing, family A member 6 [Source:MGI Symbol;Acc:MGI:2388662]","ARRAYEXPRESS,ENSG"
"ENSMUSG00000038156","ENSMUSG00000038156","Spon1","spondin 1, (f-spondin) extracellular matrix protein [Source:MGI Symbol;Acc:MGI:2385287]","ARRAYEXPRESS,ENSG"
"ENSMUSG00000030917","ENSMUSG00000030917","Tmem159","transmembrane protein 159 [Source:MGI Symbol;Acc:MGI:1925752]","ARRAYEXPRESS,ENSG"
"ENSMUSG00000103076","ENSMUSG00000103076","Gm37902","predicted gene, 37902 [Source:MGI Symbol;Acc:MGI:5611130]","ARRAYEXPRESS,ENSG"
"ENSMUSG00000024164","ENSMUSG00000024164","C3","complement component 3 [Source:MGI Symbol;Acc:MGI:88227]","ARRAYEXPRESS,ENSG"
"ENSMUSG00000021432","ENSMUSG00000021432","Slc35b3","solute carrier family 35, member B3 [Source:MGI Symbol;Acc:MGI:1913978]","ARRAYEXPRESS,ENSG"
"ENSMUSG00000049539","ENSMUSG00000049539","H1f1","H1.1 linker histone, cluster member [Source:MGI Symbol;Acc:MGI:1931523]","ARRAYEXPRESS,ENSG"
"ENSMUSG00000028063","ENSMUSG00000028063","Lmna","lamin A [Source:MGI Symbol;Acc:MGI:96794]","ARRAYEXPRESS,ENSG"
"ENSMUSG00000097536","ENSMUSG00000097536","2610037D02Rik","RIKEN cDNA 2610037D02 gene [Source:MGI Symbol;Acc:MGI:1917290]","ARRAYEXPRESS,ENSG"
"ENSMUSG00000115276","ENSMUSG00000115276","9930017N22Rik","RIKEN cDNA 9930017N22 gene [Source:MGI Symbol;Acc:MGI:2443961]","ARRAYEXPRESS,ENSG"
"ENSMUSG00000108954","ENSMUSG00000108954","Gm44901","predicted gene 44901 [Source:MGI Symbol;Acc:MGI:5753477]","ARRAYEXPRESS,ENSG"
"ENSMUSG00000111118","ENSMUSG00000111118","Gm6545","predicted gene 6545 [Source:MGI Symbol;Acc:MGI:3643874]","ARRAYEXPRESS,ENSG"
"ENSMUSG00000035283","ENSMUSG00000035283","Adrb1","adrenergic receptor, beta 1 [Source:MGI Symbol;Acc:MGI:87937]","ARRAYEXPRESS,ENSG"
"ENSMUSG00000028042","ENSMUSG00000028042","Zbtb7b","zinc finger and BTB domain containing 7B [Source:MGI Symbol;Acc:MGI:102755]","ARRAYEXPRESS,ENSG"
"ENSMUSG00000103937","ENSMUSG00000103937","Gm37186","predicted gene, 37186 [Source:MGI Symbol;Acc:MGI:5610414]","ARRAYEXPRESS,ENSG"
"ENSMUSG00000038371","ENSMUSG00000038371","Sbf2","SET binding factor 2 [Source:MGI Symbol;Acc:MGI:1921831]","ARRAYEXPRESS,ENSG"
"ENSMUSG00000113775","ENSMUSG00000113775","Gm48027","predicted gene, 48027 [Source:MGI Symbol;Acc:MGI:6097341]","ARRAYEXPRESS,ENSG"
"ENSMUSG00000076917","ENSMUSG00000076917","Traj12","T cell receptor alpha joining 12 [Source:MGI Symbol;Acc:MGI:4439583]","ARRAYEXPRESS,ENSG"
"ENSMUSG00000014353","ENSMUSG00000014353","Tmem87b","transmembrane protein 87B [Source:MGI Symbol;Acc:MGI:1919727]","ARRAYEXPRESS,ENSG"
"ENSMUSG00000102302","ENSMUSG00000102302","Gm38190","predicted gene, 38190 [Source:MGI Symbol;Acc:MGI:5611418]","ARRAYEXPRESS,ENSG"
"ENSMUSG00000031461","ENSMUSG00000031461","Myom2","myomesin 2 [Source:MGI Symbol;Acc:MGI:1328358]","ARRAYEXPRESS,ENSG"
"ENSMUSG00000104107","ENSMUSG00000104107","Gm37879","predicted gene, 37879 [Source:MGI Symbol;Acc:MGI:5611107]","ARRAYEXPRESS,ENSG"
"ENSMUSG00000041801","ENSMUSG00000041801","Phlda3","pleckstrin homology like domain, family A, member 3 [Source:MGI Symbol;Acc:MGI:1351485]","ARRAYEXPRESS,ENSG"
"ENSMUSG00000085786","ENSMUSG00000085786","Gm15987","predicted gene 15987 [Source:MGI Symbol;Acc:MGI:3801849]","ARRAYEXPRESS,ENSG"
"ENSMUSG00000061731","ENSMUSG00000061731","Ext1","exostosin glycosyltransferase 1 [Source:MGI Symbol;Acc:MGI:894663]","ARRAYEXPRESS,ENSG"
"ENSMUSG00000103651","ENSMUSG00000103651","Gm37206","predicted gene, 37206 [Source:MGI Symbol;Acc:MGI:5610434]","ARRAYEXPRESS,ENSG"
"ENSMUSG00000104469","ENSMUSG00000104469","Gm37663","predicted gene, 37663 [Source:MGI Symbol;Acc:MGI:5610891]","ARRAYEXPRESS,ENSG"
"ENSMUSG00000048852","ENSMUSG00000048852","Gm12185","predicted gene 12185 [Source:MGI Symbol;Acc:MGI:3652173]","ARRAYEXPRESS,ENSG"
"ENSMUSG00000114193","ENSMUSG00000114193","Gm48139","predicted gene, 48139 [Source:MGI Symbol;Acc:MGI:6097504]","ARRAYEXPRESS,ENSG"
"ENSMUSG00000102151","ENSMUSG00000102151","Gm37472","predicted gene, 37472 [Source:MGI Symbol;Acc:MGI:5610700]","ARRAYEXPRESS,ENSG"
"ENSMUSG00000033446","ENSMUSG00000033446","Lpar6","lysophosphatidic acid receptor 6 [Source:MGI Symbol;Acc:MGI:1914418]","ARRAYEXPRESS,ENSG"
"ENSMUSG00000104339","ENSMUSG00000104339","C130089K02Rik","RIKEN cDNA C130089K02 gene [Source:MGI Symbol;Acc:MGI:2444420]","ARRAYEXPRESS,ENSG"
"ENSMUSG00000034659","ENSMUSG00000034659","Tmem109","transmembrane protein 109 [Source:MGI Symbol;Acc:MGI:1915789]","ARRAYEXPRESS,ENSG"
"ENSMUSG00000046532","ENSMUSG00000046532","Ar","androgen receptor [Source:MGI Symbol;Acc:MGI:88064]","ARRAYEXPRESS,ENSG"
"ENSMUSG00000106859","ENSMUSG00000106859","Gm42737","predicted gene 42737 [Source:MGI Symbol;Acc:MGI:5662874]","ARRAYEXPRESS,ENSG"
"ENSMUSG00000026814","ENSMUSG00000026814","Eng","endoglin [Source:MGI Symbol;Acc:MGI:95392]","ARRAYEXPRESS,ENSG"
"ENSMUSG00000104983","ENSMUSG00000104983","Gm42763","predicted gene 42763 [Source:MGI Symbol;Acc:MGI:5662900]","ARRAYEXPRESS,ENSG"
"ENSMUSG00000054150","ENSMUSG00000054150","Syne3","spectrin repeat containing, nuclear envelope family member 3 [Source:MGI Symbol;Acc:MGI:2442408]","ARRAYEXPRESS,ENSG"
"ENSMUSG00000109096","ENSMUSG00000109096","Gm44888","predicted gene 44888 [Source:MGI Symbol;Acc:MGI:5753464]","ARRAYEXPRESS,ENSG"
"ENSMUSG00000110558","ENSMUSG00000110558","Gm45779","predicted gene 45779 [Source:MGI Symbol;Acc:MGI:5804894]","ARRAYEXPRESS,ENSG"
"ENSMUSG00000110928","ENSMUSG00000110928","Gm48114","predicted gene, 48114 [Source:MGI Symbol;Acc:MGI:6097467]","ARRAYEXPRESS,ENSG"
"ENSMUSG00000114253","ENSMUSG00000114253","Gm47798","predicted gene, 47798 [Source:MGI Symbol;Acc:MGI:6096974]","ARRAYEXPRESS,ENSG"
"ENSMUSG00000024754","ENSMUSG00000024754","Cemip2","cell migration inducing hyaluronidase 2 [Source:MGI Symbol;Acc:MGI:1890373]","ARRAYEXPRESS,ENSG"
"ENSMUSG00000106149","ENSMUSG00000106149","Gm43430","predicted gene 43430 [Source:MGI Symbol;Acc:MGI:5663567]","ARRAYEXPRESS,ENSG"
"ENSMUSG00000056144","ENSMUSG00000056144","Trim34a","tripartite motif-containing 34A [Source:MGI Symbol;Acc:MGI:2137359]","ARRAYEXPRESS,ENSG"
"ENSMUSG00000039646","ENSMUSG00000039646","Vasn","vasorin [Source:MGI Symbol;Acc:MGI:2177651]","ARRAYEXPRESS,ENSG"
"ENSMUSG00000107000","ENSMUSG00000107000","Gm43481","predicted gene 43481 [Source:MGI Symbol;Acc:MGI:5663618]","ARRAYEXPRESS,ENSG"
"ENSMUSG00000073421","ENSMUSG00000073421","H2-Ab1","histocompatibility 2, class II antigen A, beta 1 [Source:MGI Symbol;Acc:MGI:103070]","ARRAYEXPRESS,ENSG"
"ENSMUSG00000030775","ENSMUSG00000030775","Trat1","T cell receptor associated transmembrane adaptor 1 [Source:MGI Symbol;Acc:MGI:1924897]","ARRAYEXPRESS,ENSG"
"ENSMUSG00000112637","ENSMUSG00000112637","Gm48225","predicted gene, 48225 [Source:MGI Symbol;Acc:MGI:6097625]","ARRAYEXPRESS,ENSG"
"ENSMUSG00000105572","ENSMUSG00000105572","Gm43300","predicted gene 43300 [Source:MGI Symbol;Acc:MGI:5663437]","ARRAYEXPRESS,ENSG"
"ENSMUSG00000097923","ENSMUSG00000097923","Gm26577","predicted gene, 26577 [Source:MGI Symbol;Acc:MGI:5477071]","ARRAYEXPRESS,ENSG"
"ENSMUSG00000008136","ENSMUSG00000008136","Fhl2","four and a half LIM domains 2 [Source:MGI Symbol;Acc:MGI:1338762]","ARRAYEXPRESS,ENSG"
"ENSMUSG00000076911","ENSMUSG00000076911","Traj18","T cell receptor alpha joining 18 [Source:MGI Symbol;Acc:MGI:4440521]","ARRAYEXPRESS,ENSG"
"ENSMUSG00000087131","ENSMUSG00000087131","Gm16152","predicted gene 16152 [Source:MGI Symbol;Acc:MGI:3802058]","ARRAYEXPRESS,ENSG"
"ENSMUSG00000034573","ENSMUSG00000034573","Ptpn13","protein tyrosine phosphatase, non-receptor type 13 [Source:MGI Symbol;Acc:MGI:103293]","ARRAYEXPRESS,ENSG"
"ENSMUSG00000019487","ENSMUSG00000019487","Trip10","thyroid hormone receptor interactor 10 [Source:MGI Symbol;Acc:MGI:2146901]","ARRAYEXPRESS,ENSG"
"ENSMUSG00000021565","ENSMUSG00000021565","Slc6a19","solute carrier family 6 (neurotransmitter transporter), member 19 [Source:MGI Symbol;Acc:MGI:1921588]","ARRAYEXPRESS,ENSG"
"ENSMUSG00000022892","ENSMUSG00000022892","App","amyloid beta (A4) precursor protein [Source:MGI Symbol;Acc:MGI:88059]","ARRAYEXPRESS,ENSG"
"ENSMUSG00000026657","ENSMUSG00000026657","Frmd4a","FERM domain containing 4A [Source:MGI Symbol;Acc:MGI:1919850]","ARRAYEXPRESS,ENSG"
"ENSMUSG00000029516","ENSMUSG00000029516","Cit","citron [Source:MGI Symbol;Acc:MGI:105313]","ARRAYEXPRESS,ENSG"
"ENSMUSG00000107647","ENSMUSG00000107647","Gm44445","predicted gene, 44445 [Source:MGI Symbol;Acc:MGI:5690837]","ARRAYEXPRESS,ENSG"
"ENSMUSG00000107756","ENSMUSG00000107756","Gm44164","predicted gene, 44164 [Source:MGI Symbol;Acc:MGI:5690556]","ARRAYEXPRESS,ENSG"
"ENSMUSG00000115002","ENSMUSG00000115002","Gm10847","predicted gene 10847 [Source:MGI Symbol;Acc:MGI:3642004]","ARRAYEXPRESS,ENSG"
"ENSMUSG00000070315","ENSMUSG00000070315","4930581F22Rik","RIKEN cDNA 4930581F22 gene [Source:MGI Symbol;Acc:MGI:1926184]","ARRAYEXPRESS,ENSG"
"ENSMUSG00000047586","ENSMUSG00000047586","Nccrp1","non-specific cytotoxic cell receptor protein 1 homolog (zebrafish) [Source:MGI Symbol;Acc:MGI:2685009]","ARRAYEXPRESS,ENSG"
"ENSMUSG00000022661","ENSMUSG00000022661","Cd200","CD200 antigen [Source:MGI Symbol;Acc:MGI:1196990]","ARRAYEXPRESS,ENSG"
"ENSMUSG00000038807","ENSMUSG00000038807","Rap1gap2","RAP1 GTPase activating protein 2 [Source:MGI Symbol;Acc:MGI:3028623]","ARRAYEXPRESS,ENSG"
"ENSMUSG00000000791","ENSMUSG00000000791","Il12rb1","interleukin 12 receptor, beta 1 [Source:MGI Symbol;Acc:MGI:104579]","ARRAYEXPRESS,ENSG"
"ENSMUSG00000090584","ENSMUSG00000090584","Gm17169","predicted gene 17169 [Source:MGI Symbol;Acc:MGI:4937996]","ARRAYEXPRESS,ENSG"
"ENSMUSG00000049555","ENSMUSG00000049555","Tmie","transmembrane inner ear [Source:MGI Symbol;Acc:MGI:2159400]","ARRAYEXPRESS,ENSG"
"ENSMUSG00000087113","ENSMUSG00000087113","Gm11714","predicted gene 11714 [Source:MGI Symbol;Acc:MGI:3649214]","ARRAYEXPRESS,ENSG"
"ENSMUSG00000026879","ENSMUSG00000026879","Gsn","gelsolin [Source:MGI Symbol;Acc:MGI:95851]","ARRAYEXPRESS,ENSG"
"ENSMUSG00000021573","ENSMUSG00000021573","Tppp","tubulin polymerization promoting protein [Source:MGI Symbol;Acc:MGI:1920198]","ARRAYEXPRESS,ENSG"
"ENSMUSG00000072653","ENSMUSG00000072653","Zfp783","zinc finger protein 783 [Source:MGI Symbol;Acc:MGI:3040704]","ARRAYEXPRESS,ENSG"
"ENSMUSG00000078942","ENSMUSG00000078942","Naip6","NLR family, apoptosis inhibitory protein 6 [Source:MGI Symbol;Acc:MGI:1298222]","ARRAYEXPRESS,ENSG"
"ENSMUSG00000033318","ENSMUSG00000033318","Gstt2","glutathione S-transferase, theta 2 [Source:MGI Symbol;Acc:MGI:106188]","ARRAYEXPRESS,ENSG"
"ENSMUSG00000100025","ENSMUSG00000100025","Gm8141","predicted gene 8141 [Source:MGI Symbol;Acc:MGI:3647473]","ARRAYEXPRESS,ENSG"
"ENSMUSG00000015437","ENSMUSG00000015437","Gzmb","granzyme B [Source:MGI Symbol;Acc:MGI:109267]","ARRAYEXPRESS,ENSG"
"ENSMUSG00000034708","ENSMUSG00000034708","Grn","granulin [Source:MGI Symbol;Acc:MGI:95832]","ARRAYEXPRESS,ENSG"
"ENSMUSG00000111713","ENSMUSG00000111713","Gm20234","predicted gene, 20234 [Source:MGI Symbol;Acc:MGI:5012419]","ARRAYEXPRESS,ENSG"
"ENSMUSG00000109154","ENSMUSG00000109154","Gm44822","predicted gene 44822 [Source:MGI Symbol;Acc:MGI:5753398]","ARRAYEXPRESS,ENSG"
"ENSMUSG00000109555","ENSMUSG00000109555","Gm44891","predicted gene 44891 [Source:MGI Symbol;Acc:MGI:5753467]","ARRAYEXPRESS,ENSG"
"ENSMUSG00000097589","ENSMUSG00000097589","Dleu2","deleted in lymphocytic leukemia, 2 [Source:MGI Symbol;Acc:MGI:1934030]","ARRAYEXPRESS,ENSG"
"ENSMUSG00000020183","ENSMUSG00000020183","Cpm","carboxypeptidase M [Source:MGI Symbol;Acc:MGI:1917824]","ARRAYEXPRESS,ENSG"
"ENSMUSG00000032547","ENSMUSG00000032547","Ryk","receptor-like tyrosine kinase [Source:MGI Symbol;Acc:MGI:101766]","ARRAYEXPRESS,ENSG"
"ENSMUSG00000106636","ENSMUSG00000106636","Gm43813","predicted gene 43813 [Source:MGI Symbol;Acc:MGI:5663950]","ARRAYEXPRESS,ENSG"
"ENSMUSG00000017493","ENSMUSG00000017493","Igfbp4","insulin-like growth factor binding protein 4 [Source:MGI Symbol;Acc:MGI:96439]","ARRAYEXPRESS,ENSG"
"ENSMUSG00000039831","ENSMUSG00000039831","Arhgap29","Rho GTPase activating protein 29 [Source:MGI Symbol;Acc:MGI:2443818]","ARRAYEXPRESS,ENSG"
"ENSMUSG00000091264","ENSMUSG00000091264","Smim13","small integral membrane protein 13 [Source:MGI Symbol;Acc:MGI:2652854]","ARRAYEXPRESS,ENSG"
"ENSMUSG00000104925","ENSMUSG00000104925","Gm43061","predicted gene 43061 [Source:MGI Symbol;Acc:MGI:5663198]","ARRAYEXPRESS,ENSG"
"ENSMUSG00000109157","ENSMUSG00000109157","Gm44829","predicted gene 44829 [Source:MGI Symbol;Acc:MGI:5753405]","ARRAYEXPRESS,ENSG"
"ENSMUSG00000054843","ENSMUSG00000054843","Atrnl1","attractin like 1 [Source:MGI Symbol;Acc:MGI:2147749]","ARRAYEXPRESS,ENSG"
"ENSMUSG00000042498","ENSMUSG00000042498","Radx","RPA1 related single stranded DNA binding protein, X-linked [Source:MGI Symbol;Acc:MGI:2147848]","ARRAYEXPRESS,ENSG"
"ENSMUSG00000048031","ENSMUSG00000048031","Fcrl5","Fc receptor-like 5 [Source:MGI Symbol;Acc:MGI:3053558]","ARRAYEXPRESS,ENSG"
"ENSMUSG00000105742","ENSMUSG00000105742","Gm42748","predicted gene 42748 [Source:MGI Symbol;Acc:MGI:5662885]","ARRAYEXPRESS,ENSG"
"ENSMUSG00000020303","ENSMUSG00000020303","Stc2","stanniocalcin 2 [Source:MGI Symbol;Acc:MGI:1316731]","ARRAYEXPRESS,ENSG"
"ENSMUSG00000096954","None","None","None",""
"ENSMUSG00000096996","None","None","None",""
"ENSMUSG00000009633","ENSMUSG00000009633","G0s2","G0/G1 switch gene 2 [Source:MGI Symbol;Acc:MGI:1316737]","ARRAYEXPRESS,ENSG"
"ENSMUSG00000097347","None","None","None",""
"ENSMUSG00000048924","ENSMUSG00000048924","Ccdc125","coiled-coil domain containing 125 [Source:MGI Symbol;Acc:MGI:1923291]","ARRAYEXPRESS,ENSG"
"ENSMUSG00000116220","ENSMUSG00000116220","A430088P11Rik","RIKEN cDNA A430088P11 gene [Source:MGI Symbol;Acc:MGI:3605804]","ARRAYEXPRESS,ENSG"
"ENSMUSG00000050989","ENSMUSG00000050989","Selenon","selenoprotein N [Source:MGI Symbol;Acc:MGI:2151208]","ARRAYEXPRESS,ENSG"
"ENSMUSG00000032380","ENSMUSG00000032380","Dapk2","death-associated protein kinase 2 [Source:MGI Symbol;Acc:MGI:1341297]","ARRAYEXPRESS,ENSG"
"ENSMUSG00000025359","ENSMUSG00000025359","Pmel","premelanosome protein [Source:MGI Symbol;Acc:MGI:98301]","ARRAYEXPRESS,ENSG"
"ENSMUSG00000102352","ENSMUSG00000102352","Gm38346","predicted gene, 38346 [Source:MGI Symbol;Acc:MGI:5611574]","ARRAYEXPRESS,ENSG"
"ENSMUSG00000003518","ENSMUSG00000003518","Dusp3","dual specificity phosphatase 3 (vaccinia virus phosphatase VH1-related) [Source:MGI Symbol;Acc:MGI:1919599]","ARRAYEXPRESS,ENSG"
"ENSMUSG00000108689","ENSMUSG00000108689","Gm45354","predicted gene 45354 [Source:MGI Symbol;Acc:MGI:5791190]","ARRAYEXPRESS,ENSG"
"ENSMUSG00000031838","ENSMUSG00000031838","Ifi30","interferon gamma inducible protein 30 [Source:MGI Symbol;Acc:MGI:2137648]","ARRAYEXPRESS,ENSG"
"ENSMUSG00000006345","ENSMUSG00000006345","Ggt1","gamma-glutamyltransferase 1 [Source:MGI Symbol;Acc:MGI:95706]","ARRAYEXPRESS,ENSG"
"ENSMUSG00000114605","ENSMUSG00000114605","C130051F05Rik","RIKEN cDNA C130051F05 gene [Source:MGI Symbol;Acc:MGI:2443856]","ARRAYEXPRESS,ENSG"
"ENSMUSG00000057132","ENSMUSG00000057132","Rpgrip1","retinitis pigmentosa GTPase regulator interacting protein 1 [Source:MGI Symbol;Acc:MGI:1932134]","ARRAYEXPRESS,ENSG"
"ENSMUSG00000116438","ENSMUSG00000116438","Gm18911","predicted gene, 18911 [Source:MGI Symbol;Acc:MGI:5011096]","ARRAYEXPRESS,ENSG"
"ENSMUSG00000054520","ENSMUSG00000054520","Sh3bp2","SH3-domain binding protein 2 [Source:MGI Symbol;Acc:MGI:1346349]","ARRAYEXPRESS,ENSG"
"ENSMUSG00000022749","ENSMUSG00000022749","Tbc1d23","TBC1 domain family, member 23 [Source:MGI Symbol;Acc:MGI:1914831]","ARRAYEXPRESS,ENSG"
"ENSMUSG00000105655","ENSMUSG00000105655","Gm42659","predicted gene 42659 [Source:MGI Symbol;Acc:MGI:5662796]","ARRAYEXPRESS,ENSG"
"ENSMUSG00000022094","ENSMUSG00000022094","Slc39a14","solute carrier family 39 (zinc transporter), member 14 [Source:MGI Symbol;Acc:MGI:2384851]","ARRAYEXPRESS,ENSG"
"ENSMUSG00000002835","ENSMUSG00000002835","Chaf1a","chromatin assembly factor 1, subunit A (p150) [Source:MGI Symbol;Acc:MGI:1351331]","ARRAYEXPRESS,ENSG"
"ENSMUSG00000053580","ENSMUSG00000053580","Tanc2","tetratricopeptide repeat, ankyrin repeat and coiled-coil containing 2 [Source:MGI Symbol;Acc:MGI:2444121]","ARRAYEXPRESS,ENSG"
"ENSMUSG00000025068","ENSMUSG00000025068","Gsto1","glutathione S-transferase omega 1 [Source:MGI Symbol;Acc:MGI:1342273]","ARRAYEXPRESS,ENSG"
"ENSMUSG00000107197","ENSMUSG00000107197","Gm43312","predicted gene 43312 [Source:MGI Symbol;Acc:MGI:5663449]","ARRAYEXPRESS,ENSG"
"ENSMUSG00000020897","ENSMUSG00000020897","Aurkb","aurora kinase B [Source:MGI Symbol;Acc:MGI:107168]","ARRAYEXPRESS,ENSG"
"ENSMUSG00000104443","ENSMUSG00000104443","4932442E05Rik","RIKEN cDNA 4932442E05 gene [Source:MGI Symbol;Acc:MGI:1921665]","ARRAYEXPRESS,ENSG"
"ENSMUSG00000055897","ENSMUSG00000055897","Ppp4r1l-ps","protein phosphatase 4, regulatory subunit 1-like, pseudogene [Source:MGI Symbol;Acc:MGI:1924560]","ARRAYEXPRESS,ENSG"
"ENSMUSG00000087108","ENSMUSG00000087108","Gm16093","predicted gene 16093 [Source:MGI Symbol;Acc:MGI:3801946]","ARRAYEXPRESS,ENSG"
"ENSMUSG00000114612","ENSMUSG00000114612","Gm47550","predicted gene, 47550 [Source:MGI Symbol;Acc:MGI:6096567]","ARRAYEXPRESS,ENSG"
"ENSMUSG00000083645","ENSMUSG00000083645","Gm14086","predicted gene 14086 [Source:MGI Symbol;Acc:MGI:3649932]","ARRAYEXPRESS,ENSG"
"ENSMUSG00000102419","ENSMUSG00000102419","Gm36940","predicted gene, 36940 [Source:MGI Symbol;Acc:MGI:5610168]","ARRAYEXPRESS,ENSG"
"ENSMUSG00000023045","ENSMUSG00000023045","Soat2","sterol O-acyltransferase 2 [Source:MGI Symbol;Acc:MGI:1332226]","ARRAYEXPRESS,ENSG"
"ENSMUSG00000087368","ENSMUSG00000087368","BC065397","cDNA sequence BC065397 [Source:MGI Symbol;Acc:MGI:3584520]","ARRAYEXPRESS,ENSG"
"ENSMUSG00000027469","ENSMUSG00000027469","Tpx2","TPX2, microtubule-associated [Source:MGI Symbol;Acc:MGI:1919369]","ARRAYEXPRESS,ENSG"
"ENSMUSG00000032690","ENSMUSG00000032690","Oas2","2'-5' oligoadenylate synthetase 2 [Source:MGI Symbol;Acc:MGI:2180852]","ARRAYEXPRESS,ENSG"
"ENSMUSG00000108542","ENSMUSG00000108542","Gm44834","predicted gene 44834 [Source:MGI Symbol;Acc:MGI:5753410]","ARRAYEXPRESS,ENSG"
"ENSMUSG00000102143","ENSMUSG00000102143","Gm38057","predicted gene, 38057 [Source:MGI Symbol;Acc:MGI:5611285]","ARRAYEXPRESS,ENSG"
"ENSMUSG00000022610","ENSMUSG00000022610","Mapk12","mitogen-activated protein kinase 12 [Source:MGI Symbol;Acc:MGI:1353438]","ARRAYEXPRESS,ENSG"
"ENSMUSG00000001542","ENSMUSG00000001542","Ell2","elongation factor for RNA polymerase II 2 [Source:MGI Symbol;Acc:MGI:2183438]","ARRAYEXPRESS,ENSG"
"ENSMUSG00000104044","ENSMUSG00000104044","Gm37566","predicted gene, 37566 [Source:MGI Symbol;Acc:MGI:5610794]","ARRAYEXPRESS,ENSG"
"ENSMUSG00000094164","ENSMUSG00000094164","Ighv2-3","immunoglobulin heavy variable 2-3 [Source:MGI Symbol;Acc:MGI:4439872]","ARRAYEXPRESS,ENSG"
"ENSMUSG00000095574","ENSMUSG00000095574","Trbv12-1","T cell receptor beta, variable 12-1 [Source:MGI Symbol;Acc:MGI:98602]","ARRAYEXPRESS,ENSG"
"ENSMUSG00000097373","ENSMUSG00000097373","Gm26877","predicted gene, 26877 [Source:MGI Symbol;Acc:MGI:5477371]","ARRAYEXPRESS,ENSG"
"ENSMUSG00000102565","ENSMUSG00000102565","Gm37036","predicted gene, 37036 [Source:MGI Symbol;Acc:MGI:5610264]","ARRAYEXPRESS,ENSG"
"ENSMUSG00000098814","ENSMUSG00000098814","Igkv19-93","immunoglobulin kappa chain variable 19-93 [Source:MGI Symbol;Acc:MGI:107617]","ARRAYEXPRESS,ENSG"
"ENSMUSG00000019856","ENSMUSG00000019856","Fam184a","family with sequence similarity 184, member A [Source:MGI Symbol;Acc:MGI:1923156]","ARRAYEXPRESS,ENSG"
"ENSMUSG00000022816","ENSMUSG00000022816","Fstl1","follistatin-like 1 [Source:MGI Symbol;Acc:MGI:102793]","ARRAYEXPRESS,ENSG"
"ENSMUSG00000047030","ENSMUSG00000047030","Spata2","spermatogenesis associated 2 [Source:MGI Symbol;Acc:MGI:2146885]","ARRAYEXPRESS,ENSG"
"ENSMUSG00000049939","ENSMUSG00000049939","Lrrc4","leucine rich repeat containing 4 [Source:MGI Symbol;Acc:MGI:2182081]","ARRAYEXPRESS,ENSG"
"ENSMUSG00000111496","ENSMUSG00000111496","Gm47483","predicted gene, 47483 [Source:MGI Symbol;Acc:MGI:6096458]","ARRAYEXPRESS,ENSG"
"ENSMUSG00000055370","ENSMUSG00000055370","Gm9968","predicted gene 9968 [Source:MGI Symbol;Acc:MGI:3642146]","ARRAYEXPRESS,ENSG"
"ENSMUSG00000076462","ENSMUSG00000076462","Trbv2","T cell receptor beta, variable 2 [Source:MGI Symbol;Acc:MGI:98599]","ARRAYEXPRESS,ENSG"
"ENSMUSG00000109279","ENSMUSG00000109279","Gm45220","predicted gene 45220 [Source:MGI Symbol;Acc:MGI:5753796]","ARRAYEXPRESS,ENSG"
"ENSMUSG00000083435","ENSMUSG00000083435","Gm15824","predicted gene 15824 [Source:MGI Symbol;Acc:MGI:3801976]","ARRAYEXPRESS,ENSG"
"ENSMUSG00000098108","ENSMUSG00000098108","Gm27008","predicted gene, 27008 [Source:MGI Symbol;Acc:MGI:5504123]","ARRAYEXPRESS,ENSG"
"ENSMUSG00000076555","ENSMUSG00000076555","Igkv4-57-1","immunoglobulin kappa variable 4-57-1 [Source:MGI Symbol;Acc:MGI:2686264]","ARRAYEXPRESS,ENSG"
"ENSMUSG00000029832","ENSMUSG00000029832","Nfe2l3","nuclear factor, erythroid derived 2, like 3 [Source:MGI Symbol;Acc:MGI:1339958]","ARRAYEXPRESS,ENSG"
"ENSMUSG00000041220","ENSMUSG00000041220","Elovl6","ELOVL family member 6, elongation of long chain fatty acids (yeast) [Source:MGI Symbol;Acc:MGI:2156528]","ARRAYEXPRESS,ENSG"
"ENSMUSG00000021057","ENSMUSG00000021057","Akap5","A kinase (PRKA) anchor protein 5 [Source:MGI Symbol;Acc:MGI:2685104]","ARRAYEXPRESS,ENSG"
"ENSMUSG00000089707","ENSMUSG00000089707","Slain1os","SLAIN motif family, member 1, opposite strand [Source:MGI Symbol;Acc:MGI:1918148]","ARRAYEXPRESS,ENSG"
"ENSMUSG00000102850","ENSMUSG00000102850","Gm37082","predicted gene, 37082 [Source:MGI Symbol;Acc:MGI:5610310]","ARRAYEXPRESS,ENSG"
"ENSMUSG00000029414","ENSMUSG00000029414","Kntc1","kinetochore associated 1 [Source:MGI Symbol;Acc:MGI:2673709]","ARRAYEXPRESS,ENSG"
"ENSMUSG00000024130","ENSMUSG00000024130","Abca3","ATP-binding cassette, sub-family A (ABC1), member 3 [Source:MGI Symbol;Acc:MGI:1351617]","ARRAYEXPRESS,ENSG"
"ENSMUSG00000107813","ENSMUSG00000107813","Gm44434","predicted gene, 44434 [Source:MGI Symbol;Acc:MGI:5690826]","ARRAYEXPRESS,ENSG"
"ENSMUSG00000104340","ENSMUSG00000104340","Gm10522","predicted gene 10522 [Source:MGI Symbol;Acc:MGI:3642357]","ARRAYEXPRESS,ENSG"
"ENSMUSG00000033863","ENSMUSG00000033863","Klf9","Kruppel-like factor 9 [Source:MGI Symbol;Acc:MGI:1333856]","ARRAYEXPRESS,ENSG"
"ENSMUSG00000097042","ENSMUSG00000097042","Gm17491","predicted gene, 17491 [Source:MGI Symbol;Acc:MGI:4937125]","ARRAYEXPRESS,ENSG"
"ENSMUSG00000109638","ENSMUSG00000109638","Gm45630","predicted gene 45630 [Source:MGI Symbol;Acc:MGI:5791466]","ARRAYEXPRESS,ENSG"
"ENSMUSG00000097136","None","None","None",""
"ENSMUSG00000079436","ENSMUSG00000079436","Kcnj13","potassium inwardly-rectifying channel, subfamily J, member 13 [Source:MGI Symbol;Acc:MGI:3781032]","ARRAYEXPRESS,ENSG"
"ENSMUSG00000076474","ENSMUSG00000076474","Trbv17","T cell receptor beta, variable 17 [Source:MGI Symbol;Acc:MGI:98610]","ARRAYEXPRESS,ENSG"
"ENSMUSG00000074024","ENSMUSG00000074024","4632427E13Rik","RIKEN cDNA 4632427E13 gene [Source:MGI Symbol;Acc:MGI:1915436]","ARRAYEXPRESS,ENSG"
"ENSMUSG00000062376","ENSMUSG00000062376","Borcs7","BLOC-1 related complex subunit 7 [Source:MGI Symbol;Acc:MGI:1913689]","ARRAYEXPRESS,ENSG"
"ENSMUSG00000103151","ENSMUSG00000103151","Gm38292","predicted gene, 38292 [Source:MGI Symbol;Acc:MGI:5611520]","ARRAYEXPRESS,ENSG"
"ENSMUSG00000105643","ENSMUSG00000105643","Gm42611","predicted gene 42611 [Source:MGI Symbol;Acc:MGI:5662748]","ARRAYEXPRESS,ENSG"
"ENSMUSG00000086825","ENSMUSG00000086825","Gm15675","predicted gene 15675 [Source:MGI Symbol;Acc:MGI:3783117]","ARRAYEXPRESS,ENSG"
"ENSMUSG00000030523","ENSMUSG00000030523","Trpm1","transient receptor potential cation channel, subfamily M, member 1 [Source:MGI Symbol;Acc:MGI:1330305]","ARRAYEXPRESS,ENSG"
"ENSMUSG00000089647","ENSMUSG00000089647","Gm2245","predicted gene 2245 [Source:MGI Symbol;Acc:MGI:3780415]","ARRAYEXPRESS,ENSG"
"ENSMUSG00000026347","ENSMUSG00000026347","Tmem163","transmembrane protein 163 [Source:MGI Symbol;Acc:MGI:1919410]","ARRAYEXPRESS,ENSG"
"ENSMUSG00000085826","ENSMUSG00000085826","Gm15638","predicted gene 15638 [Source:MGI Symbol;Acc:MGI:3783082]","ARRAYEXPRESS,ENSG"
"ENSMUSG00000079017","ENSMUSG00000079017","Ifi27l2a","interferon, alpha-inducible protein 27 like 2A [Source:MGI Symbol;Acc:MGI:1924183]","ARRAYEXPRESS,ENSG"
"ENSMUSG00000102602","ENSMUSG00000102602","A930004J17Rik","RIKEN cDNA A930004J17 gene [Source:MGI Symbol;Acc:MGI:2442442]","ARRAYEXPRESS,ENSG"
"ENSMUSG00000005225","ENSMUSG00000005225","Plekha8","pleckstrin homology domain containing, family A (phosphoinositide binding specific) member 8 [Source:MGI Symbol;Acc:MGI:2681164]","ARRAYEXPRESS,ENSG"
"ENSMUSG00000078635","ENSMUSG00000078635","1700028N14Rik","RIKEN cDNA 1700028N14 gene [Source:MGI Symbol;Acc:MGI:1920530]","ARRAYEXPRESS,ENSG"
"ENSMUSG00000026638","ENSMUSG00000026638","Irf6","interferon regulatory factor 6 [Source:MGI Symbol;Acc:MGI:1859211]","ARRAYEXPRESS,ENSG"
"ENSMUSG00000103624","ENSMUSG00000103624","Gm3081","predicted gene 3081 [Source:MGI Symbol;Acc:MGI:3781258]","ARRAYEXPRESS,ENSG"
"ENSMUSG00000006800","ENSMUSG00000006800","Sulf2","sulfatase 2 [Source:MGI Symbol;Acc:MGI:1919293]","ARRAYEXPRESS,ENSG"
"ENSMUSG00000032593","ENSMUSG00000032593","Amigo3","adhesion molecule with Ig like domain 3 [Source:MGI Symbol;Acc:MGI:2444854]","ARRAYEXPRESS,ENSG"
"ENSMUSG00000036295","ENSMUSG00000036295","Lrrn3","leucine rich repeat protein 3, neuronal [Source:MGI Symbol;Acc:MGI:106036]","ARRAYEXPRESS,ENSG"
"ENSMUSG00000097354","ENSMUSG00000097354","2310001H17Rik","RIKEN cDNA 2310001H17 gene [Source:MGI Symbol;Acc:MGI:1923682]","ARRAYEXPRESS,ENSG"
"ENSMUSG00000046791","ENSMUSG00000046791","Riox1","ribosomal oxygenase 1 [Source:MGI Symbol;Acc:MGI:1919202]","ARRAYEXPRESS,ENSG"
"ENSMUSG00000108394","ENSMUSG00000108394","Gm45477","predicted gene 45477 [Source:MGI Symbol;Acc:MGI:5791313]","ARRAYEXPRESS,ENSG"
"ENSMUSG00000112230","ENSMUSG00000112230","Ifngas1","Ifng antisense RNA 1 [Source:MGI Symbol;Acc:MGI:1934663]","ARRAYEXPRESS,ENSG"
"ENSMUSG00000103697","ENSMUSG00000103697","Gm38020","predicted gene, 38020 [Source:MGI Symbol;Acc:MGI:5611248]","ARRAYEXPRESS,ENSG"
"ENSMUSG00000102939","ENSMUSG00000102939","Gm38111","predicted gene, 38111 [Source:MGI Symbol;Acc:MGI:5611339]","ARRAYEXPRESS,ENSG"
"ENSMUSG00000098761","ENSMUSG00000098761","Gm18821","predicted gene, 18821 [Source:MGI Symbol;Acc:MGI:5011006]","ARRAYEXPRESS,ENSG"
"ENSMUSG00000078247","ENSMUSG00000078247","Airn","antisense Igf2r RNA [Source:MGI Symbol;Acc:MGI:1353471]","ARRAYEXPRESS,ENSG"
"ENSMUSG00000040694","ENSMUSG00000040694","Apobec2","apolipoprotein B mRNA editing enzyme, catalytic polypeptide 2 [Source:MGI Symbol;Acc:MGI:1343178]","ARRAYEXPRESS,ENSG"
"ENSMUSG00000108199","ENSMUSG00000108199","Gm44249","predicted gene, 44249 [Source:MGI Symbol;Acc:MGI:5690641]","ARRAYEXPRESS,ENSG"
"ENSMUSG00000108560","ENSMUSG00000108560","Gm44695","predicted gene 44695 [Source:MGI Symbol;Acc:MGI:5753271]","ARRAYEXPRESS,ENSG"
"ENSMUSG00000076906","ENSMUSG00000076906","Traj23","T cell receptor alpha joining 23 [Source:MGI Symbol;Acc:MGI:4439745]","ARRAYEXPRESS,ENSG"
"ENSMUSG00000112111","ENSMUSG00000112111","Gm47834","predicted gene, 47834 [Source:MGI Symbol;Acc:MGI:6097033]","ARRAYEXPRESS,ENSG"
"ENSMUSG00000105707","ENSMUSG00000105707","Gm43753","predicted gene 43753 [Source:MGI Symbol;Acc:MGI:5663890]","ARRAYEXPRESS,ENSG"
"ENSMUSG00000045658","ENSMUSG00000045658","Pid1","phosphotyrosine interaction domain containing 1 [Source:MGI Symbol;Acc:MGI:2138391]","ARRAYEXPRESS,ENSG"
"ENSMUSG00000111690","ENSMUSG00000111690","Gm48720","predicted gene, 48720 [Source:MGI Symbol;Acc:MGI:6098373]","ARRAYEXPRESS,ENSG"
"ENSMUSG00000050335","ENSMUSG00000050335","Lgals3","lectin, galactose binding, soluble 3 [Source:MGI Symbol;Acc:MGI:96778]","ARRAYEXPRESS,ENSG"
"ENSMUSG00000073755","ENSMUSG00000073755","5730409E04Rik","RIKEN cDNA 5730409E04Rik gene [Source:MGI Symbol;Acc:MGI:3609248]","ARRAYEXPRESS,ENSG"
"ENSMUSG00000020231","ENSMUSG00000020231","Dip2a","disco interacting protein 2 homolog A [Source:MGI Symbol;Acc:MGI:2385920]","ARRAYEXPRESS,ENSG"
"ENSMUSG00000024353","ENSMUSG00000024353","Mzb1","marginal zone B and B1 cell-specific protein 1 [Source:MGI Symbol;Acc:MGI:1917066]","ARRAYEXPRESS,ENSG"
"ENSMUSG00000013236","ENSMUSG00000013236","Ptprs","protein tyrosine phosphatase, receptor type, S [Source:MGI Symbol;Acc:MGI:97815]","ARRAYEXPRESS,ENSG"
"ENSMUSG00000104170","ENSMUSG00000104170","Gm37702","predicted gene, 37702 [Source:MGI Symbol;Acc:MGI:5610930]","ARRAYEXPRESS,ENSG"
"ENSMUSG00000046798","ENSMUSG00000046798","Cldn12","claudin 12 [Source:MGI Symbol;Acc:MGI:1929288]","ARRAYEXPRESS,ENSG"
"ENSMUSG00000104413","ENSMUSG00000104413","Gm37065","predicted gene, 37065 [Source:MGI Symbol;Acc:MGI:5610293]","ARRAYEXPRESS,ENSG"
"ENSMUSG00000102225","ENSMUSG00000102225","Gm37983","predicted gene, 37983 [Source:MGI Symbol;Acc:MGI:5611211]","ARRAYEXPRESS,ENSG"
"ENSMUSG00000085391","ENSMUSG00000085391","Gm16150","predicted gene 16150 [Source:MGI Symbol;Acc:MGI:3801827]","ARRAYEXPRESS,ENSG"
"ENSMUSG00000042942","ENSMUSG00000042942","Greb1l","growth regulation by estrogen in breast cancer-like [Source:MGI Symbol;Acc:MGI:3576497]","ARRAYEXPRESS,ENSG"
"ENSMUSG00000090516","ENSMUSG00000090516","Rps11-ps1","ribosomal protein S11, pseudogene 1 [Source:MGI Symbol;Acc:MGI:3644744]","ARRAYEXPRESS,ENSG"
"ENSMUSG00000061186","ENSMUSG00000061186","Sfmbt2","Scm-like with four mbt domains 2 [Source:MGI Symbol;Acc:MGI:2447794]","ARRAYEXPRESS,ENSG"
"ENSMUSG00000055116","ENSMUSG00000055116","Arntl","aryl hydrocarbon receptor nuclear translocator-like [Source:MGI Symbol;Acc:MGI:1096381]","ARRAYEXPRESS,ENSG"
"ENSMUSG00000112816","ENSMUSG00000112816","Gm48798","predicted gene, 48798 [Source:MGI Symbol;Acc:MGI:6098503]","ARRAYEXPRESS,ENSG"
"ENSMUSG00000105140","ENSMUSG00000105140","Gm43127","predicted gene 43127 [Source:MGI Symbol;Acc:MGI:5663264]","ARRAYEXPRESS,ENSG"
"ENSMUSG00000102625","ENSMUSG00000102625","Gm37672","predicted gene, 37672 [Source:MGI Symbol;Acc:MGI:5610900]","ARRAYEXPRESS,ENSG"
"ENSMUSG00000100768","ENSMUSG00000100768","Gm29055","predicted gene 29055 [Source:MGI Symbol;Acc:MGI:5579761]","ARRAYEXPRESS,ENSG"
"ENSMUSG00000025915","ENSMUSG00000025915","Sgk3","serum/glucocorticoid regulated kinase 3 [Source:MGI Symbol;Acc:MGI:2182368]","ARRAYEXPRESS,ENSG"
"ENSMUSG00000104449","ENSMUSG00000104449","Gm37255","predicted gene, 37255 [Source:MGI Symbol;Acc:MGI:5610483]","ARRAYEXPRESS,ENSG"