initial_alias,converted_alias,name,description,namespace
ENSMUSG00000086359,ENSMUSG00000086359,9630013K17Rik,RIKEN cDNA 9630013K17 gene [Source:MGI Symbol;Acc:MGI:1926133],"ARRAYEXPRESS,ENSG"
ENSMUSG00000048215,ENSMUSG00000048215,A630023P12Rik,RIKEN cDNA A630023P12 gene [Source:MGI Symbol;Acc:MGI:2445162],"ARRAYEXPRESS,ENSG"
ENSMUSG00000068036,ENSMUSG00000068036,Afdn,"afadin, adherens junction formation factor [Source:MGI Symbol;Acc:MGI:1314653]","ARRAYEXPRESS,ENSG"
ENSMUSG00000028393,ENSMUSG00000028393,Alad,"aminolevulinate, delta-, dehydratase [Source:MGI Symbol;Acc:MGI:96853]","ARRAYEXPRESS,ENSG"
ENSMUSG00000025270,ENSMUSG00000025270,Alas2,"aminolevulinic acid synthase 2, erythroid [Source:MGI Symbol;Acc:MGI:87990]","ARRAYEXPRESS,ENSG"
ENSMUSG00000063810,ENSMUSG00000063810,Alms1,"ALMS1, centrosome and basal body associated [Source:MGI Symbol;Acc:MGI:1934606]","ARRAYEXPRESS,ENSG"
ENSMUSG00000046295,ENSMUSG00000046295,Ankle1,ankyrin repeat and LEM domain containing 1 [Source:MGI Symbol;Acc:MGI:1918775],"ARRAYEXPRESS,ENSG"
ENSMUSG00000036777,ENSMUSG00000036777,Anln,"anillin, actin binding protein [Source:MGI Symbol;Acc:MGI:1920174]","ARRAYEXPRESS,ENSG"
ENSMUSG00000091694,ENSMUSG00000091694,Apol11b,apolipoprotein L 11b [Source:MGI Symbol;Acc:MGI:3036248],"ARRAYEXPRESS,ENSG"
ENSMUSG00000032204,ENSMUSG00000032204,Aqp9,aquaporin 9 [Source:MGI Symbol;Acc:MGI:1891066],"ARRAYEXPRESS,ENSG"
ENSMUSG00000041219,ENSMUSG00000041219,Arhgap11a,Rho GTPase activating protein 11A [Source:MGI Symbol;Acc:MGI:2444300],"ARRAYEXPRESS,ENSG"
ENSMUSG00000025154,ENSMUSG00000025154,Arhgap19,Rho GTPase activating protein 19 [Source:MGI Symbol;Acc:MGI:1918335],"ARRAYEXPRESS,ENSG"
ENSMUSG00000049807,ENSMUSG00000049807,Arhgap23,Rho GTPase activating protein 23 [Source:MGI Symbol;Acc:MGI:3697726],"ARRAYEXPRESS,ENSG"
ENSMUSG00000035133,ENSMUSG00000035133,Arhgap5,Rho GTPase activating protein 5 [Source:MGI Symbol;Acc:MGI:1332637],"ARRAYEXPRESS,ENSG"
ENSMUSG00000005470,ENSMUSG00000005470,Asf1b,anti-silencing function 1B histone chaperone [Source:MGI Symbol;Acc:MGI:1914179],"ARRAYEXPRESS,ENSG"
ENSMUSG00000027496,ENSMUSG00000027496,Aurka,aurora kinase A [Source:MGI Symbol;Acc:MGI:894678],"ARRAYEXPRESS,ENSG"
ENSMUSG00000020897,ENSMUSG00000020897,Aurkb,aurora kinase B [Source:MGI Symbol;Acc:MGI:107168],"ARRAYEXPRESS,ENSG"
ENSMUSG00000026196,ENSMUSG00000026196,Bard1,BRCA1 associated RING domain 1 [Source:MGI Symbol;Acc:MGI:1328361],"ARRAYEXPRESS,ENSG"
ENSMUSG00000045231,ENSMUSG00000045231,BC106179,cDNA sequence BC106179 [Source:MGI Symbol;Acc:MGI:3702726],"ARRAYEXPRESS,ENSG"
ENSMUSG00000030103,ENSMUSG00000030103,Bhlhe40,"basic helix-loop-helix family, member e40 [Source:MGI Symbol;Acc:MGI:1097714]","ARRAYEXPRESS,ENSG"
ENSMUSG00000017716,ENSMUSG00000017716,Birc5,baculoviral IAP repeat-containing 5 [Source:MGI Symbol;Acc:MGI:1203517],"ARRAYEXPRESS,ENSG"
ENSMUSG00000017146,ENSMUSG00000017146,Brca1,"breast cancer 1, early onset [Source:MGI Symbol;Acc:MGI:104537]","ARRAYEXPRESS,ENSG"
ENSMUSG00000034329,ENSMUSG00000034329,Brip1,BRCA1 interacting protein C-terminal helicase 1 [Source:MGI Symbol;Acc:MGI:2442836],"ARRAYEXPRESS,ENSG"
ENSMUSG00000028392,ENSMUSG00000028392,Bspry,B-box and SPRY domain containing [Source:MGI Symbol;Acc:MGI:2177191],"ARRAYEXPRESS,ENSG"
ENSMUSG00000031264,ENSMUSG00000031264,Btk,Bruton agammaglobulinemia tyrosine kinase [Source:MGI Symbol;Acc:MGI:88216],"ARRAYEXPRESS,ENSG"
ENSMUSG00000027379,ENSMUSG00000027379,Bub1,"BUB1, mitotic checkpoint serine/threonine kinase [Source:MGI Symbol;Acc:MGI:1100510]","ARRAYEXPRESS,ENSG"
ENSMUSG00000040084,ENSMUSG00000040084,Bub1b,"BUB1B, mitotic checkpoint serine/threonine kinase [Source:MGI Symbol;Acc:MGI:1333889]","ARRAYEXPRESS,ENSG"
ENSMUSG00000031628,ENSMUSG00000031628,Casp3,caspase 3 [Source:MGI Symbol;Acc:MGI:107739],"ARRAYEXPRESS,ENSG"
ENSMUSG00000056531,ENSMUSG00000056531,Ccdc18,coiled-coil domain containing 18 [Source:MGI Symbol;Acc:MGI:1922974],"ARRAYEXPRESS,ENSG"
ENSMUSG00000027715,ENSMUSG00000027715,Ccna2,cyclin A2 [Source:MGI Symbol;Acc:MGI:108069],"ARRAYEXPRESS,ENSG"
ENSMUSG00000028212,ENSMUSG00000028212,Ccne2,cyclin E2 [Source:MGI Symbol;Acc:MGI:1329034],"ARRAYEXPRESS,ENSG"
ENSMUSG00000072082,ENSMUSG00000072082,Ccnf,cyclin F [Source:MGI Symbol;Acc:MGI:102551],"ARRAYEXPRESS,ENSG"
ENSMUSG00000049103,ENSMUSG00000049103,Ccr2,chemokine (C-C motif) receptor 2 [Source:MGI Symbol;Acc:MGI:106185],"ARRAYEXPRESS,ENSG"
ENSMUSG00000079227,ENSMUSG00000079227,Ccr5,chemokine (C-C motif) receptor 5 [Source:MGI Symbol;Acc:MGI:107182],"ARRAYEXPRESS,ENSG"
ENSMUSG00000030577,ENSMUSG00000030577,Cd22,CD22 antigen [Source:MGI Symbol;Acc:MGI:88322],"ARRAYEXPRESS,ENSG"
ENSMUSG00000026399,ENSMUSG00000026399,Cd55,"CD55 molecule, decay accelerating factor for complement [Source:MGI Symbol;Acc:MGI:104850]","ARRAYEXPRESS,ENSG"
ENSMUSG00000006398,ENSMUSG00000006398,Cdc20,cell division cycle 20 [Source:MGI Symbol;Acc:MGI:1859866],"ARRAYEXPRESS,ENSG"
ENSMUSG00000026490,ENSMUSG00000026490,Cdc42bpa,CDC42 binding protein kinase alpha [Source:MGI Symbol;Acc:MGI:2441841],"ARRAYEXPRESS,ENSG"
ENSMUSG00000000028,ENSMUSG00000000028,Cdc45,cell division cycle 45 [Source:MGI Symbol;Acc:MGI:1338073],"ARRAYEXPRESS,ENSG"
ENSMUSG00000017499,ENSMUSG00000017499,Cdc6,cell division cycle 6 [Source:MGI Symbol;Acc:MGI:1345150],"ARRAYEXPRESS,ENSG"
ENSMUSG00000048922,ENSMUSG00000048922,Cdca2,cell division cycle associated 2 [Source:MGI Symbol;Acc:MGI:1919787],"ARRAYEXPRESS,ENSG"
ENSMUSG00000023505,ENSMUSG00000023505,Cdca3,cell division cycle associated 3 [Source:MGI Symbol;Acc:MGI:1315198],"ARRAYEXPRESS,ENSG"
ENSMUSG00000024791,ENSMUSG00000024791,Cdca5,cell division cycle associated 5 [Source:MGI Symbol;Acc:MGI:1915099],"ARRAYEXPRESS,ENSG"
ENSMUSG00000055612,ENSMUSG00000055612,Cdca7,cell division cycle associated 7 [Source:MGI Symbol;Acc:MGI:1914203],"ARRAYEXPRESS,ENSG"
ENSMUSG00000028873,ENSMUSG00000028873,Cdca8,cell division cycle associated 8 [Source:MGI Symbol;Acc:MGI:1196274],"ARRAYEXPRESS,ENSG"
ENSMUSG00000019942,ENSMUSG00000019942,Cdk1,cyclin-dependent kinase 1 [Source:MGI Symbol;Acc:MGI:88351],"ARRAYEXPRESS,ENSG"
ENSMUSG00000040274,ENSMUSG00000040274,Cdk6,cyclin-dependent kinase 6 [Source:MGI Symbol;Acc:MGI:1277162],"ARRAYEXPRESS,ENSG"
ENSMUSG00000028551,ENSMUSG00000028551,Cdkn2c,cyclin dependent kinase inhibitor 2C [Source:MGI Symbol;Acc:MGI:105388],"ARRAYEXPRESS,ENSG"
ENSMUSG00000045328,ENSMUSG00000045328,Cenpe,centromere protein E [Source:MGI Symbol;Acc:MGI:1098230],"ARRAYEXPRESS,ENSG"
ENSMUSG00000026605,ENSMUSG00000026605,Cenpf,centromere protein F [Source:MGI Symbol;Acc:MGI:1313302],"ARRAYEXPRESS,ENSG"
ENSMUSG00000031262,ENSMUSG00000031262,Cenpi,centromere protein I [Source:MGI Symbol;Acc:MGI:2147897],"ARRAYEXPRESS,ENSG"
ENSMUSG00000021714,ENSMUSG00000021714,Cenpk,centromere protein K [Source:MGI Symbol;Acc:MGI:1926210],"ARRAYEXPRESS,ENSG"
ENSMUSG00000024989,ENSMUSG00000024989,Cep55,centrosomal protein 55 [Source:MGI Symbol;Acc:MGI:1921357],"ARRAYEXPRESS,ENSG"
ENSMUSG00000002835,ENSMUSG00000002835,Chaf1a,"chromatin assembly factor 1, subunit A (p150) [Source:MGI Symbol;Acc:MGI:1351331]","ARRAYEXPRESS,ENSG"
ENSMUSG00000029516,ENSMUSG00000029516,Cit,citron [Source:MGI Symbol;Acc:MGI:105313],"ARRAYEXPRESS,ENSG"
ENSMUSG00000037725,ENSMUSG00000037725,Ckap2,cytoskeleton associated protein 2 [Source:MGI Symbol;Acc:MGI:1931797],"ARRAYEXPRESS,ENSG"
ENSMUSG00000048327,ENSMUSG00000048327,Ckap2l,cytoskeleton associated protein 2-like [Source:MGI Symbol;Acc:MGI:1917716],"ARRAYEXPRESS,ENSG"
ENSMUSG00000037242,ENSMUSG00000037242,Clic4,chloride intracellular channel 4 (mitochondrial) [Source:MGI Symbol;Acc:MGI:1352754],"ARRAYEXPRESS,ENSG"
ENSMUSG00000042489,ENSMUSG00000042489,Clspn,claspin [Source:MGI Symbol;Acc:MGI:2445153],"ARRAYEXPRESS,ENSG"
ENSMUSG00000038070,ENSMUSG00000038070,Cntln,"centlein, centrosomal protein [Source:MGI Symbol;Acc:MGI:2443104]","ARRAYEXPRESS,ENSG"
ENSMUSG00000006356,ENSMUSG00000006356,Crip2,cysteine rich protein 2 [Source:MGI Symbol;Acc:MGI:1915587],"ARRAYEXPRESS,ENSG"
ENSMUSG00000047880,ENSMUSG00000047880,Cxcr5,chemokine (C-X-C motif) receptor 5 [Source:MGI Symbol;Acc:MGI:103567],"ARRAYEXPRESS,ENSG"
ENSMUSG00000017830,ENSMUSG00000017830,Dhx58,DEXH (Asp-Glu-X-His) box polypeptide 58 [Source:MGI Symbol;Acc:MGI:1931560],"ARRAYEXPRESS,ENSG"
ENSMUSG00000022021,ENSMUSG00000022021,Diaph3,diaphanous related formin 3 [Source:MGI Symbol;Acc:MGI:1927222],"ARRAYEXPRESS,ENSG"
ENSMUSG00000037544,ENSMUSG00000037544,Dlgap5,DLG associated protein 5 [Source:MGI Symbol;Acc:MGI:2183453],"ARRAYEXPRESS,ENSG"
ENSMUSG00000036875,ENSMUSG00000036875,Dna2,DNA replication helicase/nuclease 2 [Source:MGI Symbol;Acc:MGI:2443732],"ARRAYEXPRESS,ENSG"
ENSMUSG00000044447,ENSMUSG00000044447,Dock5,dedicator of cytokinesis 5 [Source:MGI Symbol;Acc:MGI:2652871],"ARRAYEXPRESS,ENSG"
ENSMUSG00000022422,ENSMUSG00000022422,Dscc1,DNA replication and sister chromatid cohesion 1 [Source:MGI Symbol;Acc:MGI:1919357],"ARRAYEXPRESS,ENSG"
ENSMUSG00000037474,ENSMUSG00000037474,Dtl,denticleless E3 ubiquitin protein ligase [Source:MGI Symbol;Acc:MGI:1924093],"ARRAYEXPRESS,ENSG"
ENSMUSG00000027203,ENSMUSG00000027203,Dut,deoxyuridine triphosphatase [Source:MGI Symbol;Acc:MGI:1346051],"ARRAYEXPRESS,ENSG"
ENSMUSG00000027490,ENSMUSG00000027490,E2f1,E2F transcription factor 1 [Source:MGI Symbol;Acc:MGI:101941],"ARRAYEXPRESS,ENSG"
ENSMUSG00000018983,ENSMUSG00000018983,E2f2,E2F transcription factor 2 [Source:MGI Symbol;Acc:MGI:1096341],"ARRAYEXPRESS,ENSG"
ENSMUSG00000020185,ENSMUSG00000020185,E2f7,E2F transcription factor 7 [Source:MGI Symbol;Acc:MGI:1289147],"ARRAYEXPRESS,ENSG"
ENSMUSG00000046179,ENSMUSG00000046179,E2f8,E2F transcription factor 8 [Source:MGI Symbol;Acc:MGI:1922038],"ARRAYEXPRESS,ENSG"
ENSMUSG00000027699,ENSMUSG00000027699,Ect2,ect2 oncogene [Source:MGI Symbol;Acc:MGI:95281],"ARRAYEXPRESS,ENSG"
ENSMUSG00000048120,ENSMUSG00000048120,Entpd1,ectonucleoside triphosphate diphosphohydrolase 1 [Source:MGI Symbol;Acc:MGI:102805],"ARRAYEXPRESS,ENSG"
ENSMUSG00000023216,ENSMUSG00000023216,Epb42,erythrocyte membrane protein band 4.2 [Source:MGI Symbol;Acc:MGI:95402],"ARRAYEXPRESS,ENSG"
ENSMUSG00000022034,ENSMUSG00000022034,Esco2,establishment of sister chromatid cohesion N-acetyltransferase 2 [Source:MGI Symbol;Acc:MGI:1919238],"ARRAYEXPRESS,ENSG"
ENSMUSG00000058290,ENSMUSG00000058290,Espl1,"extra spindle pole bodies 1, separase [Source:MGI Symbol;Acc:MGI:2146156]","ARRAYEXPRESS,ENSG"
ENSMUSG00000039748,ENSMUSG00000039748,Exo1,exonuclease 1 [Source:MGI Symbol;Acc:MGI:1349427],"ARRAYEXPRESS,ENSG"
ENSMUSG00000029687,ENSMUSG00000029687,Ezh2,enhancer of zeste 2 polycomb repressive complex 2 subunit [Source:MGI Symbol;Acc:MGI:107940],"ARRAYEXPRESS,ENSG"
ENSMUSG00000048376,ENSMUSG00000048376,F2r,coagulation factor II (thrombin) receptor [Source:MGI Symbol;Acc:MGI:101802],"ARRAYEXPRESS,ENSG"
ENSMUSG00000034023,ENSMUSG00000034023,Fancd2,"Fanconi anemia, complementation group D2 [Source:MGI Symbol;Acc:MGI:2448480]","ARRAYEXPRESS,ENSG"
ENSMUSG00000000817,ENSMUSG00000000817,Fasl,"Fas ligand (TNF superfamily, member 6) [Source:MGI Symbol;Acc:MGI:99255]","ARRAYEXPRESS,ENSG"
ENSMUSG00000039899,ENSMUSG00000039899,Fgl2,fibrinogen-like protein 2 [Source:MGI Symbol;Acc:MGI:103266],"ARRAYEXPRESS,ENSG"
ENSMUSG00000008136,ENSMUSG00000008136,Fhl2,four and a half LIM domains 2 [Source:MGI Symbol;Acc:MGI:1338762],"ARRAYEXPRESS,ENSG"
ENSMUSG00000035455,ENSMUSG00000035455,Fignl1,fidgetin-like 1 [Source:MGI Symbol;Acc:MGI:1890648],"ARRAYEXPRESS,ENSG"
ENSMUSG00000001555,ENSMUSG00000001555,Fkbp10,FK506 binding protein 10 [Source:MGI Symbol;Acc:MGI:104769],"ARRAYEXPRESS,ENSG"
ENSMUSG00000061175,ENSMUSG00000061175,Fnip2,folliculin interacting protein 2 [Source:MGI Symbol;Acc:MGI:2683054],"ARRAYEXPRESS,ENSG"
ENSMUSG00000001517,ENSMUSG00000001517,Foxm1,forkhead box M1 [Source:MGI Symbol;Acc:MGI:1347487],"ARRAYEXPRESS,ENSG"
ENSMUSG00000021453,ENSMUSG00000021453,Gadd45g,growth arrest and DNA-damage-inducible 45 gamma [Source:MGI Symbol;Acc:MGI:1346325],"ARRAYEXPRESS,ENSG"
ENSMUSG00000058624,ENSMUSG00000058624,Gda,guanine deaminase [Source:MGI Symbol;Acc:MGI:95678],"ARRAYEXPRESS,ENSG"
ENSMUSG00000028214,ENSMUSG00000028214,Gem,GTP binding protein (gene overexpressed in skeletal muscle) [Source:MGI Symbol;Acc:MGI:99844],"ARRAYEXPRESS,ENSG"
ENSMUSG00000006345,ENSMUSG00000006345,Ggt1,gamma-glutamyltransferase 1 [Source:MGI Symbol;Acc:MGI:95706],"ARRAYEXPRESS,ENSG"
ENSMUSG00000077222,ENSMUSG00000077222,Gm22270,"predicted gene, 22270 [Source:MGI Symbol;Acc:MGI:5452047]","ARRAYEXPRESS,ENSG"
ENSMUSG00000064994,ENSMUSG00000064994,Gm22422,"predicted gene, 22422 [Source:MGI Symbol;Acc:MGI:5452199]","ARRAYEXPRESS,ENSG"
ENSMUSG00000088990,ENSMUSG00000088990,Gm22767,"predicted gene, 22767 [Source:MGI Symbol;Acc:MGI:5452544]","ARRAYEXPRESS,ENSG"
ENSMUSG00000065304,ENSMUSG00000065304,Gm23245,"predicted gene, 23245 [Source:MGI Symbol;Acc:MGI:5453022]","ARRAYEXPRESS,ENSG"
ENSMUSG00000092819,ENSMUSG00000092819,Gm23639,"predicted gene, 23639 [Source:MGI Symbol;Acc:MGI:5453416]","ARRAYEXPRESS,ENSG"
ENSMUSG00000065687,ENSMUSG00000065687,Gm23734,"predicted gene, 23734 [Source:MGI Symbol;Acc:MGI:5453511]","ARRAYEXPRESS,ENSG"
ENSMUSG00000077611,ENSMUSG00000077611,Gm23946,"predicted gene, 23946 [Source:MGI Symbol;Acc:MGI:5453723]","ARRAYEXPRESS,ENSG"
ENSMUSG00000088351,ENSMUSG00000088351,Gm24016,"predicted gene, 24016 [Source:MGI Symbol;Acc:MGI:5453793]","ARRAYEXPRESS,ENSG"
ENSMUSG00000065041,ENSMUSG00000065041,Gm24044,"predicted gene, 24044 [Source:MGI Symbol;Acc:MGI:5453821]","ARRAYEXPRESS,ENSG"
ENSMUSG00000077505,ENSMUSG00000077505,Gm24233,"predicted gene, 24233 [Source:MGI Symbol;Acc:MGI:5454010]","ARRAYEXPRESS,ENSG"
ENSMUSG00000065287,ENSMUSG00000065287,Gm24451,"predicted gene, 24451 [Source:MGI Symbol;Acc:MGI:5454228]","ARRAYEXPRESS,ENSG"
ENSMUSG00000065282,ENSMUSG00000065282,Gm24455,"predicted gene, 24455 [Source:MGI Symbol;Acc:MGI:5454232]","ARRAYEXPRESS,ENSG"
ENSMUSG00000065899,ENSMUSG00000065899,Gm24523,"predicted gene, 24523 [Source:MGI Symbol;Acc:MGI:5454300]","ARRAYEXPRESS,ENSG"
ENSMUSG00000065208,ENSMUSG00000065208,Gm24616,"predicted gene, 24616 [Source:MGI Symbol;Acc:MGI:5454393]","ARRAYEXPRESS,ENSG"
ENSMUSG00000087819,ENSMUSG00000087819,Gm25117,"predicted gene, 25117 [Source:MGI Symbol;Acc:MGI:5454894]","ARRAYEXPRESS,ENSG"
ENSMUSG00000065273,ENSMUSG00000065273,Gm25128,"predicted gene, 25128 [Source:MGI Symbol;Acc:MGI:5454905]","ARRAYEXPRESS,ENSG"
ENSMUSG00000087963,ENSMUSG00000087963,Gm25394,"predicted gene, 25394 [Source:MGI Symbol;Acc:MGI:5455171]","ARRAYEXPRESS,ENSG"
ENSMUSG00000088008,ENSMUSG00000088008,Gm25492,"predicted gene, 25492 [Source:MGI Symbol;Acc:MGI:5455269]","ARRAYEXPRESS,ENSG"
ENSMUSG00000080365,ENSMUSG00000080365,Gm25776,"predicted gene, 25776 [Source:MGI Symbol;Acc:MGI:5455553]","ARRAYEXPRESS,ENSG"
ENSMUSG00000064655,ENSMUSG00000064655,Gm25788,"predicted gene, 25788 [Source:MGI Symbol;Acc:MGI:5455565]","ARRAYEXPRESS,ENSG"
ENSMUSG00000089542,ENSMUSG00000089542,Gm25835,"predicted gene, 25835 [Source:MGI Symbol;Acc:MGI:5455612]","ARRAYEXPRESS,ENSG"
ENSMUSG00000077254,ENSMUSG00000077254,Gm26079,"predicted gene, 26079 [Source:MGI Symbol;Acc:MGI:5455856]","ARRAYEXPRESS,ENSG"
ENSMUSG00000064751,ENSMUSG00000064751,Gm26330,"predicted gene, 26330 [Source:MGI Symbol;Acc:MGI:5456107]","ARRAYEXPRESS,ENSG"
ENSMUSG00000077426,ENSMUSG00000077426,Gm26387,"predicted gene, 26387 [Source:MGI Symbol;Acc:MGI:5456164]","ARRAYEXPRESS,ENSG"
ENSMUSG00000065637,ENSMUSG00000065637,Gm26397,"predicted gene, 26397 [Source:MGI Symbol;Acc:MGI:5456174]","ARRAYEXPRESS,ENSG"
ENSMUSG00000064382,ENSMUSG00000064382,Gm26447,"predicted gene, 26447 [Source:MGI Symbol;Acc:MGI:5456224]","ARRAYEXPRESS,ENSG"
ENSMUSG00000103168,ENSMUSG00000103168,Gm30948,"predicted gene, 30948 [Source:MGI Symbol;Acc:MGI:5590107]","ARRAYEXPRESS,ENSG"
ENSMUSG00000111118,ENSMUSG00000111118,Gm6545,predicted gene 6545 [Source:MGI Symbol;Acc:MGI:3643874],"ARRAYEXPRESS,ENSG"
ENSMUSG00000006715,ENSMUSG00000006715,Gmnn,geminin [Source:MGI Symbol;Acc:MGI:1927344],"ARRAYEXPRESS,ENSG"
ENSMUSG00000047293,ENSMUSG00000047293,Gpr15,G protein-coupled receptor 15 [Source:MGI Symbol;Acc:MGI:1918473],"ARRAYEXPRESS,ENSG"
ENSMUSG00000051839,ENSMUSG00000051839,Gypa,glycophorin A [Source:MGI Symbol;Acc:MGI:95880],"ARRAYEXPRESS,ENSG"
ENSMUSG00000015437,ENSMUSG00000015437,Gzmb,granzyme B [Source:MGI Symbol;Acc:MGI:109267],"ARRAYEXPRESS,ENSG"
ENSMUSG00000054206,ENSMUSG00000054206,Gzmm,granzyme M (lymphocyte met-ase 1) [Source:MGI Symbol;Acc:MGI:99549],"ARRAYEXPRESS,ENSG"
ENSMUSG00000052565,ENSMUSG00000052565,H1f3,"H1.3 linker histone, cluster member [Source:MGI Symbol;Acc:MGI:107502]","ARRAYEXPRESS,ENSG"
ENSMUSG00000058773,ENSMUSG00000058773,H1f5,"H1.5 linker histone, cluster member [Source:MGI Symbol;Acc:MGI:1861461]","ARRAYEXPRESS,ENSG"
ENSMUSG00000063021,ENSMUSG00000063021,H2ac15,H2A clustered histone 15 [Source:MGI Symbol;Acc:MGI:2448297],"ARRAYEXPRESS,ENSG"
ENSMUSG00000049932,ENSMUSG00000049932,H2ax,H2A.X variant histone [Source:MGI Symbol;Acc:MGI:102688],"ARRAYEXPRESS,ENSG"
ENSMUSG00000069300,ENSMUSG00000069300,H2bc11,H2B clustered histone 11 [Source:MGI Symbol;Acc:MGI:2448388],"ARRAYEXPRESS,ENSG"
ENSMUSG00000062727,ENSMUSG00000062727,H2bc12,H2B clustered histone 12 [Source:MGI Symbol;Acc:MGI:2448399],"ARRAYEXPRESS,ENSG"
ENSMUSG00000094338,ENSMUSG00000094338,H2bc13,H2B clustered histone 13 [Source:MGI Symbol;Acc:MGI:2448403],"ARRAYEXPRESS,ENSG"
ENSMUSG00000114279,ENSMUSG00000114279,H2bc14,H2B clustered histone 14 [Source:MGI Symbol;Acc:MGI:2448404],"ARRAYEXPRESS,ENSG"
ENSMUSG00000095217,ENSMUSG00000095217,H2bc15,H2B clustered histone 15 [Source:MGI Symbol;Acc:MGI:2448407],"ARRAYEXPRESS,ENSG"
ENSMUSG00000075031,ENSMUSG00000075031,H2bc3,H2B clustered histone 3 [Source:MGI Symbol;Acc:MGI:2448377],"ARRAYEXPRESS,ENSG"
ENSMUSG00000018102,ENSMUSG00000018102,H2bc4,H2B clustered histone 4 [Source:MGI Symbol;Acc:MGI:1915274],"ARRAYEXPRESS,ENSG"
ENSMUSG00000047246,ENSMUSG00000047246,H2bc6,H2B clustered histone 6 [Source:MGI Symbol;Acc:MGI:2448380],"ARRAYEXPRESS,ENSG"
ENSMUSG00000069268,ENSMUSG00000069268,H2bc7,H2B clustered histone 7 [Source:MGI Symbol;Acc:MGI:2448383],"ARRAYEXPRESS,ENSG"
ENSMUSG00000058385,ENSMUSG00000058385,H2bc8,H2B clustered histone 8 [Source:MGI Symbol;Acc:MGI:2448386],"ARRAYEXPRESS,ENSG"
ENSMUSG00000114456,ENSMUSG00000114456,H2bc9,H2B clustered histone 9 [Source:MGI Symbol;Acc:MGI:2448387],"ARRAYEXPRESS,ENSG"
ENSMUSG00000101972,ENSMUSG00000101972,H3c11,H3 clustered histone 11 [Source:MGI Symbol;Acc:MGI:2448350],"ARRAYEXPRESS,ENSG"
ENSMUSG00000069267,ENSMUSG00000069267,H3c2,H3 clustered histone 2 [Source:MGI Symbol;Acc:MGI:2448319],"ARRAYEXPRESS,ENSG"
ENSMUSG00000069310,ENSMUSG00000069310,H3c3,H3 clustered histone 3 [Source:MGI Symbol;Acc:MGI:2448320],"ARRAYEXPRESS,ENSG"
ENSMUSG00000099517,ENSMUSG00000099517,H3c8,H3 clustered histone 8 [Source:MGI Symbol;Acc:MGI:2145541],"ARRAYEXPRESS,ENSG"
ENSMUSG00000060093,ENSMUSG00000060093,H4c1,H4 clustered histone 1 [Source:MGI Symbol;Acc:MGI:2448419],"ARRAYEXPRESS,ENSG"
ENSMUSG00000067455,ENSMUSG00000067455,H4c11,H4 clustered histone 11 [Source:MGI Symbol;Acc:MGI:2448436],"ARRAYEXPRESS,ENSG"
ENSMUSG00000064288,ENSMUSG00000064288,H4c12,H4 clustered histone 12 [Source:MGI Symbol;Acc:MGI:2448439],"ARRAYEXPRESS,ENSG"
ENSMUSG00000061482,ENSMUSG00000061482,H4c4,H4 clustered histone 4 [Source:MGI Symbol;Acc:MGI:2448423],"ARRAYEXPRESS,ENSG"
ENSMUSG00000069274,ENSMUSG00000069274,H4c6,H4 clustered histone 6 [Source:MGI Symbol;Acc:MGI:2448425],"ARRAYEXPRESS,ENSG"
ENSMUSG00000025001,ENSMUSG00000025001,Hells,"helicase, lymphoid specific [Source:MGI Symbol;Acc:MGI:106209]","ARRAYEXPRESS,ENSG"
ENSMUSG00000032126,ENSMUSG00000032126,Hmbs,hydroxymethylbilane synthase [Source:MGI Symbol;Acc:MGI:96112],"ARRAYEXPRESS,ENSG"
ENSMUSG00000015217,ENSMUSG00000015217,Hmgb3,high mobility group box 3 [Source:MGI Symbol;Acc:MGI:1098219],"ARRAYEXPRESS,ENSG"
ENSMUSG00000020644,ENSMUSG00000020644,Id2,inhibitor of DNA binding 2 [Source:MGI Symbol;Acc:MGI:96397],"ARRAYEXPRESS,ENSG"
ENSMUSG00000079017,ENSMUSG00000079017,Ifi27l2a,"interferon, alpha-inducible protein 27 like 2A [Source:MGI Symbol;Acc:MGI:1924183]","ARRAYEXPRESS,ENSG"
ENSMUSG00000034459,ENSMUSG00000034459,Ifit1,interferon-induced protein with tetratricopeptide repeats 1 [Source:MGI Symbol;Acc:MGI:99450],"ARRAYEXPRESS,ENSG"
ENSMUSG00000074896,ENSMUSG00000074896,Ifit3,interferon-induced protein with tetratricopeptide repeats 3 [Source:MGI Symbol;Acc:MGI:1101055],"ARRAYEXPRESS,ENSG"
ENSMUSG00000054072,ENSMUSG00000054072,Iigp1,interferon inducible GTPase 1 [Source:MGI Symbol;Acc:MGI:1926259],"ARRAYEXPRESS,ENSG"
ENSMUSG00000000791,ENSMUSG00000000791,Il12rb1,"interleukin 12 receptor, beta 1 [Source:MGI Symbol;Acc:MGI:104579]","ARRAYEXPRESS,ENSG"
ENSMUSG00000035692,ENSMUSG00000035692,Isg15,ISG15 ubiquitin-like modifier [Source:MGI Symbol;Acc:MGI:1855694],"ARRAYEXPRESS,ENSG"
ENSMUSG00000039236,ENSMUSG00000039236,Isg20,interferon-stimulated protein [Source:MGI Symbol;Acc:MGI:1928895],"ARRAYEXPRESS,ENSG"
ENSMUSG00000030789,ENSMUSG00000030789,Itgax,integrin alpha X [Source:MGI Symbol;Acc:MGI:96609],"ARRAYEXPRESS,ENSG"
ENSMUSG00000048534,ENSMUSG00000048534,Jaml,junction adhesion molecule like [Source:MGI Symbol;Acc:MGI:2685484],"ARRAYEXPRESS,ENSG"
ENSMUSG00000040724,ENSMUSG00000040724,Kcna2,"potassium voltage-gated channel, shaker-related subfamily, member 2 [Source:MGI Symbol;Acc:MGI:96659]","ARRAYEXPRESS,ENSG"
ENSMUSG00000023243,ENSMUSG00000023243,Kcnk5,"potassium channel, subfamily K, member 5 [Source:MGI Symbol;Acc:MGI:1336175]","ARRAYEXPRESS,ENSG"
ENSMUSG00000012443,ENSMUSG00000012443,Kif11,kinesin family member 11 [Source:MGI Symbol;Acc:MGI:1098231],"ARRAYEXPRESS,ENSG"
ENSMUSG00000041498,ENSMUSG00000041498,Kif14,kinesin family member 14 [Source:MGI Symbol;Acc:MGI:1098226],"ARRAYEXPRESS,ENSG"
ENSMUSG00000051378,ENSMUSG00000051378,Kif18b,kinesin family member 18B [Source:MGI Symbol;Acc:MGI:2446979],"ARRAYEXPRESS,ENSG"
ENSMUSG00000003779,ENSMUSG00000003779,Kif20a,kinesin family member 20A [Source:MGI Symbol;Acc:MGI:1201682],"ARRAYEXPRESS,ENSG"
ENSMUSG00000030677,ENSMUSG00000030677,Kif22,kinesin family member 22 [Source:MGI Symbol;Acc:MGI:109233],"ARRAYEXPRESS,ENSG"
ENSMUSG00000028678,ENSMUSG00000028678,Kif2c,kinesin family member 2C [Source:MGI Symbol;Acc:MGI:1921054],"ARRAYEXPRESS,ENSG"
ENSMUSG00000034311,ENSMUSG00000034311,Kif4,kinesin family member 4 [Source:MGI Symbol;Acc:MGI:108389],"ARRAYEXPRESS,ENSG"
ENSMUSG00000079853,ENSMUSG00000079853,Klra1,"killer cell lectin-like receptor, subfamily A, member 1 [Source:MGI Symbol;Acc:MGI:101907]","ARRAYEXPRESS,ENSG"
ENSMUSG00000067599,ENSMUSG00000067599,Klra7,"killer cell lectin-like receptor, subfamily A, member 7 [Source:MGI Symbol;Acc:MGI:101901]","ARRAYEXPRESS,ENSG"
ENSMUSG00000089727,ENSMUSG00000089727,Klra8,"killer cell lectin-like receptor, subfamily A, member 8 [Source:MGI Symbol;Acc:MGI:102968]","ARRAYEXPRESS,ENSG"
ENSMUSG00000030167,ENSMUSG00000030167,Klrc1,"killer cell lectin-like receptor subfamily C, member 1 [Source:MGI Symbol;Acc:MGI:1336161]","ARRAYEXPRESS,ENSG"
ENSMUSG00000027326,ENSMUSG00000027326,Knl1,kinetochore scaffold 1 [Source:MGI Symbol;Acc:MGI:1923714],"ARRAYEXPRESS,ENSG"
ENSMUSG00000029414,ENSMUSG00000029414,Kntc1,kinetochore associated 1 [Source:MGI Symbol;Acc:MGI:2673709],"ARRAYEXPRESS,ENSG"
ENSMUSG00000050335,ENSMUSG00000050335,Lgals3,"lectin, galactose binding, soluble 3 [Source:MGI Symbol;Acc:MGI:96778]","ARRAYEXPRESS,ENSG"
ENSMUSG00000056394,ENSMUSG00000056394,Lig1,"ligase I, DNA, ATP-dependent [Source:MGI Symbol;Acc:MGI:101789]","ARRAYEXPRESS,ENSG"
ENSMUSG00000112148,ENSMUSG00000112148,Lilrb4a,"leukocyte immunoglobulin-like receptor, subfamily B, member 4A [Source:MGI Symbol;Acc:MGI:102701]","ARRAYEXPRESS,ENSG"
ENSMUSG00000112023,ENSMUSG00000112023,Lilrb4b,"leukocyte immunoglobulin-like receptor, subfamily B, member 4B [Source:MGI Symbol;Acc:MGI:102702]","ARRAYEXPRESS,ENSG"
ENSMUSG00000028063,ENSMUSG00000028063,Lmna,lamin A [Source:MGI Symbol;Acc:MGI:96794],"ARRAYEXPRESS,ENSG"
ENSMUSG00000024590,ENSMUSG00000024590,Lmnb1,lamin B1 [Source:MGI Symbol;Acc:MGI:96795],"ARRAYEXPRESS,ENSG"
ENSMUSG00000015133,ENSMUSG00000015133,Lrrk1,leucine-rich repeat kinase 1 [Source:MGI Symbol;Acc:MGI:2142227],"ARRAYEXPRESS,ENSG"
ENSMUSG00000075602,ENSMUSG00000075602,Ly6a,"lymphocyte antigen 6 complex, locus A [Source:MGI Symbol;Acc:MGI:107527]","ARRAYEXPRESS,ENSG"
ENSMUSG00000069516,ENSMUSG00000069516,Lyz2,lysozyme 2 [Source:MGI Symbol;Acc:MGI:96897],"ARRAYEXPRESS,ENSG"
ENSMUSG00000061143,ENSMUSG00000061143,Maml3,mastermind like transcriptional coactivator 3 [Source:MGI Symbol;Acc:MGI:2389461],"ARRAYEXPRESS,ENSG"
ENSMUSG00000020646,ENSMUSG00000020646,Mboat2,membrane bound O-acyltransferase domain containing 2 [Source:MGI Symbol;Acc:MGI:1914466],"ARRAYEXPRESS,ENSG"
ENSMUSG00000026669,ENSMUSG00000026669,Mcm10,minichromosome maintenance 10 replication initiation factor [Source:MGI Symbol;Acc:MGI:1917274],"ARRAYEXPRESS,ENSG"
ENSMUSG00000005410,ENSMUSG00000005410,Mcm5,minichromosome maintenance complex component 5 [Source:MGI Symbol;Acc:MGI:103197],"ARRAYEXPRESS,ENSG"
ENSMUSG00000035683,ENSMUSG00000035683,Melk,maternal embryonic leucine zipper kinase [Source:MGI Symbol;Acc:MGI:106924],"ARRAYEXPRESS,ENSG"
ENSMUSG00000047534,ENSMUSG00000047534,Mis18bp1,MIS18 binding protein 1 [Source:MGI Symbol;Acc:MGI:2145099],"ARRAYEXPRESS,ENSG"
ENSMUSG00000031004,ENSMUSG00000031004,Mki67,antigen identified by monoclonal antibody Ki 67 [Source:MGI Symbol;Acc:MGI:106035],"ARRAYEXPRESS,ENSG"
ENSMUSG00000009350,ENSMUSG00000009350,Mpo,myeloperoxidase [Source:MGI Symbol;Acc:MGI:97137],"ARRAYEXPRESS,ENSG"
ENSMUSG00000000386,ENSMUSG00000000386,Mx1,MX dynamin-like GTPase 1 [Source:MGI Symbol;Acc:MGI:97243],"ARRAYEXPRESS,ENSG"
ENSMUSG00000023341,ENSMUSG00000023341,Mx2,MX dynamin-like GTPase 2 [Source:MGI Symbol;Acc:MGI:97244],"ARRAYEXPRESS,ENSG"
ENSMUSG00000021485,ENSMUSG00000021485,Mxd3,Max dimerization protein 3 [Source:MGI Symbol;Acc:MGI:104987],"ARRAYEXPRESS,ENSG"
ENSMUSG00000017861,ENSMUSG00000017861,Mybl2,myeloblastosis oncogene-like 2 [Source:MGI Symbol;Acc:MGI:101785],"ARRAYEXPRESS,ENSG"
ENSMUSG00000035441,ENSMUSG00000035441,Myo1d,myosin ID [Source:MGI Symbol;Acc:MGI:107728],"ARRAYEXPRESS,ENSG"
ENSMUSG00000026932,ENSMUSG00000026932,Nacc2,"nucleus accumbens associated 2, BEN and BTB (POZ) domain containing [Source:MGI Symbol;Acc:MGI:1915241]","ARRAYEXPRESS,ENSG"
initial_alias,converted_alias,name,description,namespace
ENSMUSG00000038252,ENSMUSG00000038252,Ncapd2,"non-SMC condensin I complex, subunit D2 [Source:MGI Symbol;Acc:MGI:1915548]","ARRAYEXPRESS,ENSG"
ENSMUSG00000015880,ENSMUSG00000015880,Ncapg,"non-SMC condensin I complex, subunit G [Source:MGI Symbol;Acc:MGI:1930197]","ARRAYEXPRESS,ENSG"
ENSMUSG00000042029,ENSMUSG00000042029,Ncapg2,"non-SMC condensin II complex, subunit G2 [Source:MGI Symbol;Acc:MGI:1923294]","ARRAYEXPRESS,ENSG"
ENSMUSG00000034906,ENSMUSG00000034906,Ncaph,"non-SMC condensin I complex, subunit H [Source:MGI Symbol;Acc:MGI:2444777]","ARRAYEXPRESS,ENSG"
ENSMUSG00000024056,ENSMUSG00000024056,Ndc80,NDC80 kinetochore complex component [Source:MGI Symbol;Acc:MGI:1914302],"ARRAYEXPRESS,ENSG"
ENSMUSG00000039396,ENSMUSG00000039396,Neil3,nei like 3 (E. coli) [Source:MGI Symbol;Acc:MGI:2384588],"ARRAYEXPRESS,ENSG"
ENSMUSG00000026622,ENSMUSG00000026622,Nek2,NIMA (never in mitosis gene a)-related expressed kinase 2 [Source:MGI Symbol;Acc:MGI:109359],"ARRAYEXPRESS,ENSG"
ENSMUSG00000039193,ENSMUSG00000039193,Nlrc4,"NLR family, CARD domain containing 4 [Source:MGI Symbol;Acc:MGI:3036243]","ARRAYEXPRESS,ENSG"
ENSMUSG00000063445,ENSMUSG00000063445,Nmral1,NmrA-like family domain containing 1 [Source:MGI Symbol;Acc:MGI:1915074],"ARRAYEXPRESS,ENSG"
ENSMUSG00000084708,None,None,None,
ENSMUSG00000080486,None,None,None,
ENSMUSG00000064981,None,None,None,
ENSMUSG00000096684,None,None,None,
ENSMUSG00000057406,ENSMUSG00000057406,Nsd2,nuclear receptor binding SET domain protein 2 [Source:MGI Symbol;Acc:MGI:1276574],"ARRAYEXPRESS,ENSG"
ENSMUSG00000026683,ENSMUSG00000026683,Nuf2,"NUF2, NDC80 kinetochore complex component [Source:MGI Symbol;Acc:MGI:1914227]","ARRAYEXPRESS,ENSG"
ENSMUSG00000027306,ENSMUSG00000027306,Nusap1,nucleolar and spindle associated protein 1 [Source:MGI Symbol;Acc:MGI:2675669],"ARRAYEXPRESS,ENSG"
ENSMUSG00000052776,ENSMUSG00000052776,Oas1a,2'-5' oligoadenylate synthetase 1A [Source:MGI Symbol;Acc:MGI:2180860],"ARRAYEXPRESS,ENSG"
ENSMUSG00000032661,ENSMUSG00000032661,Oas3,2'-5' oligoadenylate synthetase 3 [Source:MGI Symbol;Acc:MGI:2180850],"ARRAYEXPRESS,ENSG"
ENSMUSG00000041827,ENSMUSG00000041827,Oasl1,2'-5' oligoadenylate synthetase-like 1 [Source:MGI Symbol;Acc:MGI:2180849],"ARRAYEXPRESS,ENSG"
ENSMUSG00000026672,ENSMUSG00000026672,Optn,optineurin [Source:MGI Symbol;Acc:MGI:1918898],"ARRAYEXPRESS,ENSG"
ENSMUSG00000035365,ENSMUSG00000035365,Parpbp,PARP1 binding protein [Source:MGI Symbol;Acc:MGI:1922567],"ARRAYEXPRESS,ENSG"
ENSMUSG00000026274,ENSMUSG00000026274,Pask,PAS domain containing serine/threonine kinase [Source:MGI Symbol;Acc:MGI:2155936],"ARRAYEXPRESS,ENSG"
ENSMUSG00000040204,ENSMUSG00000040204,Pclaf,PCNA clamp associated factor [Source:MGI Symbol;Acc:MGI:1915276],"ARRAYEXPRESS,ENSG"
ENSMUSG00000044703,ENSMUSG00000044703,Phf11a,PHD finger protein 11A [Source:MGI Symbol;Acc:MGI:1918441],"ARRAYEXPRESS,ENSG"
ENSMUSG00000025017,ENSMUSG00000025017,Pik3ap1,phosphoinositide-3-kinase adaptor protein 1 [Source:MGI Symbol;Acc:MGI:1933177],"ARRAYEXPRESS,ENSG"
ENSMUSG00000030867,ENSMUSG00000030867,Plk1,polo like kinase 1 [Source:MGI Symbol;Acc:MGI:97621],"ARRAYEXPRESS,ENSG"
ENSMUSG00000007080,ENSMUSG00000007080,Pole,"polymerase (DNA directed), epsilon [Source:MGI Symbol;Acc:MGI:1196391]","ARRAYEXPRESS,ENSG"
ENSMUSG00000034206,ENSMUSG00000034206,Polq,"polymerase (DNA directed), theta [Source:MGI Symbol;Acc:MGI:2155399]","ARRAYEXPRESS,ENSG"
ENSMUSG00000038943,ENSMUSG00000038943,Prc1,protein regulator of cytokinesis 1 [Source:MGI Symbol;Acc:MGI:1858961],"ARRAYEXPRESS,ENSG"
ENSMUSG00000020493,ENSMUSG00000020493,Prr11,proline rich 11 [Source:MGI Symbol;Acc:MGI:2444496],"ARRAYEXPRESS,ENSG"
ENSMUSG00000027978,ENSMUSG00000027978,Prss12,"protease, serine 12 neurotrypsin (motopsin) [Source:MGI Symbol;Acc:MGI:1100881]","ARRAYEXPRESS,ENSG"
ENSMUSG00000022607,ENSMUSG00000022607,Ptk2,PTK2 protein tyrosine kinase 2 [Source:MGI Symbol;Acc:MGI:95481],"ARRAYEXPRESS,ENSG"
ENSMUSG00000024663,ENSMUSG00000024663,Rab3il1,RAB3A interacting protein (rabin3)-like 1 [Source:MGI Symbol;Acc:MGI:1922010],"ARRAYEXPRESS,ENSG"
ENSMUSG00000032549,ENSMUSG00000032549,Rab6b,"RAB6B, member RAS oncogene family [Source:MGI Symbol;Acc:MGI:107283]","ARRAYEXPRESS,ENSG"
ENSMUSG00000027323,ENSMUSG00000027323,Rad51,RAD51 recombinase [Source:MGI Symbol;Acc:MGI:97890],"ARRAYEXPRESS,ENSG"
ENSMUSG00000030346,ENSMUSG00000030346,Rad51ap1,RAD51 associated protein 1 [Source:MGI Symbol;Acc:MGI:1098224],"ARRAYEXPRESS,ENSG"
ENSMUSG00000028702,ENSMUSG00000028702,Rad54l,RAD54 like (S. cerevisiae) [Source:MGI Symbol;Acc:MGI:894697],"ARRAYEXPRESS,ENSG"
ENSMUSG00000019539,ENSMUSG00000019539,Rcn3,"reticulocalbin 3, EF-hand calcium binding domain [Source:MGI Symbol;Acc:MGI:1277122]","ARRAYEXPRESS,ENSG"
ENSMUSG00000029101,ENSMUSG00000029101,Rgs12,regulator of G-protein signaling 12 [Source:MGI Symbol;Acc:MGI:1918979],"ARRAYEXPRESS,ENSG"
ENSMUSG00000029130,ENSMUSG00000029130,Rnf32,ring finger protein 32 [Source:MGI Symbol;Acc:MGI:1861747],"ARRAYEXPRESS,ENSG"
ENSMUSG00000020649,ENSMUSG00000020649,Rrm2,ribonucleotide reductase M2 [Source:MGI Symbol;Acc:MGI:98181],"ARRAYEXPRESS,ENSG"
ENSMUSG00000020641,ENSMUSG00000020641,Rsad2,radical S-adenosyl methionine domain containing 2 [Source:MGI Symbol;Acc:MGI:1929628],"ARRAYEXPRESS,ENSG"
ENSMUSG00000001020,ENSMUSG00000001020,S100a4,S100 calcium binding protein A4 [Source:MGI Symbol;Acc:MGI:1330282],"ARRAYEXPRESS,ENSG"
ENSMUSG00000001025,ENSMUSG00000001025,S100a6,S100 calcium binding protein A6 (calcyclin) [Source:MGI Symbol;Acc:MGI:1339467],"ARRAYEXPRESS,ENSG"
ENSMUSG00000045087,ENSMUSG00000045087,S1pr5,sphingosine-1-phosphate receptor 5 [Source:MGI Symbol;Acc:MGI:2150641],"ARRAYEXPRESS,ENSG"
ENSMUSG00000088958,ENSMUSG00000088958,Scarna8,small Cajal body-specific RNA 8 [Source:MGI Symbol;Acc:MGI:3819488],"ARRAYEXPRESS,ENSG"
ENSMUSG00000025743,ENSMUSG00000025743,Sdc3,syndecan 3 [Source:MGI Symbol;Acc:MGI:1349163],"ARRAYEXPRESS,ENSG"
ENSMUSG00000003585,ENSMUSG00000003585,Sec14l2,SEC14-like lipid binding 2 [Source:MGI Symbol;Acc:MGI:1915065],"ARRAYEXPRESS,ENSG"
ENSMUSG00000041481,ENSMUSG00000041481,Serpina3g,"serine (or cysteine) peptidase inhibitor, clade A, member 3G [Source:MGI Symbol;Acc:MGI:105046]","ARRAYEXPRESS,ENSG"
ENSMUSG00000024548,ENSMUSG00000024548,Setbp1,SET binding protein 1 [Source:MGI Symbol;Acc:MGI:1933199],"ARRAYEXPRESS,ENSG"
ENSMUSG00000026039,ENSMUSG00000026039,Sgo2a,shugoshin 2A [Source:MGI Symbol;Acc:MGI:1098767],"ARRAYEXPRESS,ENSG"
ENSMUSG00000022322,ENSMUSG00000022322,Shcbp1,Shc SH2-domain binding protein 1 [Source:MGI Symbol;Acc:MGI:1338802],"ARRAYEXPRESS,ENSG"
ENSMUSG00000036223,ENSMUSG00000036223,Ska1,spindle and kinetochore associated complex subunit 1 [Source:MGI Symbol;Acc:MGI:1913718],"ARRAYEXPRESS,ENSG"
ENSMUSG00000027074,ENSMUSG00000027074,Slc43a3,"solute carrier family 43, member 3 [Source:MGI Symbol;Acc:MGI:1931054]","ARRAYEXPRESS,ENSG"
ENSMUSG00000021565,ENSMUSG00000021565,Slc6a19,"solute carrier family 6 (neurotransmitter transporter), member 19 [Source:MGI Symbol;Acc:MGI:1921588]","ARRAYEXPRESS,ENSG"
ENSMUSG00000077192,ENSMUSG00000077192,Snora17,"small nucleolar RNA, H/ACA box 17 [Source:MGI Symbol;Acc:MGI:4360060]","ARRAYEXPRESS,ENSG"
ENSMUSG00000064637,ENSMUSG00000064637,Snora20,"small nucleolar RNA, H/ACA box 20 [Source:MGI Symbol;Acc:MGI:3819492]","ARRAYEXPRESS,ENSG"
ENSMUSG00000064901,ENSMUSG00000064901,Snora21,"small nucleolar RNA, H/ACA box 21 [Source:MGI Symbol;Acc:MGI:3819493]","ARRAYEXPRESS,ENSG"
ENSMUSG00000064451,ENSMUSG00000064451,Snora23,"small nucleolar RNA, H/ACA box 23 [Source:MGI Symbol;Acc:MGI:3819494]","ARRAYEXPRESS,ENSG"
ENSMUSG00000064493,ENSMUSG00000064493,Snora28,"small nucleolar RNA, H/ACA box 28 [Source:MGI Symbol;Acc:MGI:3819496]","ARRAYEXPRESS,ENSG"
ENSMUSG00000065016,ENSMUSG00000065016,Snora3,"small nucleolar RNA, H/ACA box 3 [Source:MGI Symbol;Acc:MGI:3819498]","ARRAYEXPRESS,ENSG"
ENSMUSG00000065259,ENSMUSG00000065259,Snora30,"small nucleolar RNA, H/ACA box 30 [Source:MGI Symbol;Acc:MGI:3819499]","ARRAYEXPRESS,ENSG"
ENSMUSG00000070167,ENSMUSG00000070167,Snora57,"small nucleolar RNA, H/ACA box 57 [Source:MGI Symbol;Acc:MGI:5455599]","ARRAYEXPRESS,ENSG"
ENSMUSG00000065686,ENSMUSG00000065686,Snora5c,"small nucleolar RNA, H/ACA box 5C [Source:MGI Symbol;Acc:MGI:3819509]","ARRAYEXPRESS,ENSG"
ENSMUSG00000077709,ENSMUSG00000077709,Snora64,"small nucleolar RNA, H/ACA box 64 [Source:MGI Symbol;Acc:MGI:2148175]","ARRAYEXPRESS,ENSG"
ENSMUSG00000065124,ENSMUSG00000065124,Snora65,"small nucleolar RNA, H/ACA box 65 [Source:MGI Symbol;Acc:MGI:2148176]","ARRAYEXPRESS,ENSG"
ENSMUSG00000077563,ENSMUSG00000077563,Snora68,"small nucleolar RNA, H/ACA box 68 [Source:MGI Symbol;Acc:MGI:2148181]","ARRAYEXPRESS,ENSG"
ENSMUSG00000065642,ENSMUSG00000065642,Snora69,"small nucleolar RNA, H/ACA box 69 [Source:MGI Symbol;Acc:MGI:2148180]","ARRAYEXPRESS,ENSG"
ENSMUSG00000089255,ENSMUSG00000089255,Snora78,"small nucleolar RNA, H/ACA box 7 [Source:MGI Symbol;Acc:MGI:4360056]","ARRAYEXPRESS,ENSG"
ENSMUSG00000087935,ENSMUSG00000087935,Snora81,"small nucleolar RNA, H/ACA box 81 [Source:MGI Symbol;Acc:MGI:3819513]","ARRAYEXPRESS,ENSG"
ENSMUSG00000065126,ENSMUSG00000065126,Snord104,"small nucleolar RNA, C/D box 104 [Source:MGI Symbol;Acc:MGI:3819515]","ARRAYEXPRESS,ENSG"
ENSMUSG00000065822,ENSMUSG00000065822,Snord15a,"small nucleolar RNA, C/D box 15A [Source:MGI Symbol;Acc:MGI:3645887]","ARRAYEXPRESS,ENSG"
ENSMUSG00000064966,ENSMUSG00000064966,Snord15b,"small nucleolar RNA, C/D box 14B [Source:MGI Symbol;Acc:MGI:3779515]","ARRAYEXPRESS,ENSG"
ENSMUSG00000077714,ENSMUSG00000077714,Snord17,"small nucleolar RNA, C/D box 17 [Source:MGI Symbol;Acc:MGI:3819523]","ARRAYEXPRESS,ENSG"
ENSMUSG00000064453,ENSMUSG00000064453,Snord21,"small nucleolar RNA, C/D box 21 [Source:MGI Symbol;Acc:MGI:102855]","ARRAYEXPRESS,ENSG"
ENSMUSG00000080478,ENSMUSG00000080478,Snord23,"small nucleolar RNA, C/D box 23 [Source:MGI Symbol;Acc:MGI:3819529]","ARRAYEXPRESS,ENSG"
ENSMUSG00000065219,ENSMUSG00000065219,Snord32a,"small nucleolar RNA, C/D box 32A [Source:MGI Symbol;Acc:MGI:1351324]","ARRAYEXPRESS,ENSG"
ENSMUSG00000092680,ENSMUSG00000092680,Snord55,"small nucleolar RNA, C/D box 55 [Source:MGI Symbol;Acc:MGI:3819543]","ARRAYEXPRESS,ENSG"
ENSMUSG00000065272,ENSMUSG00000065272,Snord57,"small nucleolar RNA, C/D box 57 [Source:MGI Symbol;Acc:MGI:3819544]","ARRAYEXPRESS,ENSG"
ENSMUSG00000064450,ENSMUSG00000064450,Snord68,"small nucleolar RNA, C/D box 68 [Source:MGI Symbol;Acc:MGI:3819550]","ARRAYEXPRESS,ENSG"
ENSMUSG00000093044,ENSMUSG00000093044,Snord8,"small nucleolar RNA, C/D box 8 [Source:MGI Symbol;Acc:MGI:3819556]","ARRAYEXPRESS,ENSG"
ENSMUSG00000065196,ENSMUSG00000065196,Snord85,"small nucleolar RNA, C/D box 85 [Source:MGI Symbol;Acc:MGI:3819558]","ARRAYEXPRESS,ENSG"
ENSMUSG00000093178,ENSMUSG00000093178,Snord87,"small nucleolar RNA, C/D box 87 [Source:MGI Symbol;Acc:MGI:2387894]","ARRAYEXPRESS,ENSG"
ENSMUSG00000080465,ENSMUSG00000080465,Snord94,"small nucleolar RNA, C/D box 94 [Source:MGI Symbol;Acc:MGI:5452263]","ARRAYEXPRESS,ENSG"
ENSMUSG00000023045,ENSMUSG00000023045,Soat2,sterol O-acyltransferase 2 [Source:MGI Symbol;Acc:MGI:1332226],"ARRAYEXPRESS,ENSG"
ENSMUSG00000051910,ENSMUSG00000051910,Sox6,SRY (sex determining region Y)-box 6 [Source:MGI Symbol;Acc:MGI:98368],"ARRAYEXPRESS,ENSG"
ENSMUSG00000002055,ENSMUSG00000002055,Spag5,sperm associated antigen 5 [Source:MGI Symbol;Acc:MGI:1927470],"ARRAYEXPRESS,ENSG"
ENSMUSG00000051934,ENSMUSG00000051934,Spats2,"spermatogenesis associated, serine-rich 2 [Source:MGI Symbol;Acc:MGI:1919822]","ARRAYEXPRESS,ENSG"
ENSMUSG00000074476,ENSMUSG00000074476,Spc24,"SPC24, NDC80 kinetochore complex component, homolog (S. cerevisiae) [Source:MGI Symbol;Acc:MGI:1914879]","ARRAYEXPRESS,ENSG"
ENSMUSG00000005233,ENSMUSG00000005233,Spc25,"SPC25, NDC80 kinetochore complex component, homolog (S. cerevisiae) [Source:MGI Symbol;Acc:MGI:1913692]","ARRAYEXPRESS,ENSG"
ENSMUSG00000042331,ENSMUSG00000042331,Specc1,sperm antigen with calponin homology and coiled-coil domains 1 [Source:MGI Symbol;Acc:MGI:2442356],"ARRAYEXPRESS,ENSG"
ENSMUSG00000061878,ENSMUSG00000061878,Sphk1,sphingosine kinase 1 [Source:MGI Symbol;Acc:MGI:1316649],"ARRAYEXPRESS,ENSG"
ENSMUSG00000036825,ENSMUSG00000036825,Ssx2ip,"synovial sarcoma, X 2 interacting protein [Source:MGI Symbol;Acc:MGI:2139150]","ARRAYEXPRESS,ENSG"
ENSMUSG00000056091,ENSMUSG00000056091,St3gal5,"ST3 beta-galactoside alpha-2,3-sialyltransferase 5 [Source:MGI Symbol;Acc:MGI:1339963]","ARRAYEXPRESS,ENSG"
ENSMUSG00000030283,ENSMUSG00000030283,St8sia1,"ST8 alpha-N-acetyl-neuraminide alpha-2,8-sialyltransferase 1 [Source:MGI Symbol;Acc:MGI:106011]","ARRAYEXPRESS,ENSG"
ENSMUSG00000030688,ENSMUSG00000030688,Stard10,START domain containing 10 [Source:MGI Symbol;Acc:MGI:1860093],"ARRAYEXPRESS,ENSG"
ENSMUSG00000028718,ENSMUSG00000028718,Stil,Scl/Tal1 interrupting locus [Source:MGI Symbol;Acc:MGI:107477],"ARRAYEXPRESS,ENSG"
ENSMUSG00000028832,ENSMUSG00000028832,Stmn1,stathmin 1 [Source:MGI Symbol;Acc:MGI:96739],"ARRAYEXPRESS,ENSG"
ENSMUSG00000003824,ENSMUSG00000003824,Syce2,synaptonemal complex central element protein 2 [Source:MGI Symbol;Acc:MGI:1919096],"ARRAYEXPRESS,ENSG"
ENSMUSG00000037313,ENSMUSG00000037313,Tacc3,"transforming, acidic coiled-coil containing protein 3 [Source:MGI Symbol;Acc:MGI:1341163]","ARRAYEXPRESS,ENSG"
ENSMUSG00000053580,ENSMUSG00000053580,Tanc2,"tetratricopeptide repeat, ankyrin repeat and coiled-coil containing 2 [Source:MGI Symbol;Acc:MGI:2444121]","ARRAYEXPRESS,ENSG"
ENSMUSG00000050410,ENSMUSG00000050410,Tcf19,transcription factor 19 [Source:MGI Symbol;Acc:MGI:103180],"ARRAYEXPRESS,ENSG"
ENSMUSG00000046591,ENSMUSG00000046591,Ticrr,TOPBP1-interacting checkpoint and replication regulator [Source:MGI Symbol;Acc:MGI:1924261],"ARRAYEXPRESS,ENSG"
ENSMUSG00000025574,ENSMUSG00000025574,Tk1,thymidine kinase 1 [Source:MGI Symbol;Acc:MGI:98763],"ARRAYEXPRESS,ENSG"
ENSMUSG00000044583,ENSMUSG00000044583,Tlr7,toll-like receptor 7 [Source:MGI Symbol;Acc:MGI:2176882],"ARRAYEXPRESS,ENSG"
ENSMUSG00000020914,ENSMUSG00000020914,Top2a,topoisomerase (DNA) II alpha [Source:MGI Symbol;Acc:MGI:98790],"ARRAYEXPRESS,ENSG"
ENSMUSG00000027469,ENSMUSG00000027469,Tpx2,"TPX2, microtubule-associated [Source:MGI Symbol;Acc:MGI:1919369]","ARRAYEXPRESS,ENSG"
ENSMUSG00000042726,ENSMUSG00000042726,Trafd1,TRAF type zinc finger domain containing 1 [Source:MGI Symbol;Acc:MGI:1923551],"ARRAYEXPRESS,ENSG"
ENSMUSG00000021569,ENSMUSG00000021569,Trip13,thyroid hormone receptor interactor 13 [Source:MGI Symbol;Acc:MGI:1916966],"ARRAYEXPRESS,ENSG"
ENSMUSG00000038379,ENSMUSG00000038379,Ttk,Ttk protein kinase [Source:MGI Symbol;Acc:MGI:1194921],"ARRAYEXPRESS,ENSG"
ENSMUSG00000028367,ENSMUSG00000028367,Txn1,thioredoxin 1 [Source:MGI Symbol;Acc:MGI:98874],"ARRAYEXPRESS,ENSG"
ENSMUSG00000025747,ENSMUSG00000025747,Tyms,thymidylate synthase [Source:MGI Symbol;Acc:MGI:98878],"ARRAYEXPRESS,ENSG"
ENSMUSG00000001403,ENSMUSG00000001403,Ube2c,ubiquitin-conjugating enzyme E2C [Source:MGI Symbol;Acc:MGI:1915862],"ARRAYEXPRESS,ENSG"
ENSMUSG00000027078,ENSMUSG00000027078,Ube2l6,ubiquitin-conjugating enzyme E2L 6 [Source:MGI Symbol;Acc:MGI:1914500],"ARRAYEXPRESS,ENSG"
ENSMUSG00000001228,ENSMUSG00000001228,Uhrf1,"ubiquitin-like, containing PHD and RING finger domains, 1 [Source:MGI Symbol;Acc:MGI:1338889]","ARRAYEXPRESS,ENSG"
ENSMUSG00000021823,ENSMUSG00000021823,Vcl,vinculin [Source:MGI Symbol;Acc:MGI:98927],"ARRAYEXPRESS,ENSG"
ENSMUSG00000069114,ENSMUSG00000069114,Zbtb10,zinc finger and BTB domain containing 10 [Source:MGI Symbol;Acc:MGI:2139883],"ARRAYEXPRESS,ENSG"
ENSMUSG00000022708,ENSMUSG00000022708,Zbtb20,zinc finger and BTB domain containing 20 [Source:MGI Symbol;Acc:MGI:1929213],"ARRAYEXPRESS,ENSG"
ENSMUSG00000026872,ENSMUSG00000026872,Zeb2,zinc finger E-box binding homeobox 2 [Source:MGI Symbol;Acc:MGI:1344407],"ARRAYEXPRESS,ENSG"
ENSMUSG00000058881,ENSMUSG00000058881,Zfp516,zinc finger protein 516 [Source:MGI Symbol;Acc:MGI:2443957],"ARRAYEXPRESS,ENSG"
